province,province_code,district,district_code,ward,ward_code,weather_query
Đắk Lắk,66,Buôn Đôn,647,Cuôr KNia,24247,https://www.google.com/search?q=weather+Cuôr+KNia+Đắk+Lắk
Đắk Lắk,66,Buôn Đôn,647,Ea Bar,24250,https://www.google.com/search?q=weather+Ea+Bar+Đắk+Lắk
Đắk Lắk,66,Buôn Đôn,647,Ea Huar,24238,https://www.google.com/search?q=weather+Ea+Huar+Đắk+Lắk
Đắk Lắk,66,Buôn Đôn,647,Ea Nuôl,24253,https://www.google.com/search?q=weather+Ea+Nuôl+Đắk+Lắk
Đắk Lắk,66,Buôn Đôn,647,Ea Wer,24241,https://www.google.com/search?q=weather+Ea+Wer+Đắk+Lắk
Đắk Lắk,66,Buôn Đôn,647,Krông Na,24235,https://www.google.com/search?q=weather+Krông+Na+Đắk+Lắk
Đắk Lắk,66,Buôn Đôn,647,Tân Hoà,24244,https://www.google.com/search?q=weather+Tân+Hoà+Đắk+Lắk
Đắk Lắk,66,Buôn Ma Thuột,643,Cư ÊBur,24160,https://www.google.com/search?q=weather+Cư+ÊBur+Đắk+Lắk
Đắk Lắk,66,Buôn Ma Thuột,643,Ea Kao,24169,https://www.google.com/search?q=weather+Ea+Kao+Đắk+Lắk
Đắk Lắk,66,Buôn Ma Thuột,643,Ea Tu,24163,https://www.google.com/search?q=weather+Ea+Tu+Đắk+Lắk
Đắk Lắk,66,Buôn Ma Thuột,643,Hòa Khánh,24175,https://www.google.com/search?q=weather+Hòa+Khánh+Đắk+Lắk
Đắk Lắk,66,Buôn Ma Thuột,643,Hòa Phú,24172,https://www.google.com/search?q=weather+Hòa+Phú+Đắk+Lắk
Đắk Lắk,66,Buôn Ma Thuột,643,Hòa Thắng,24166,https://www.google.com/search?q=weather+Hòa+Thắng+Đắk+Lắk
Đắk Lắk,66,Buôn Ma Thuột,643,Hòa Thuận,24157,https://www.google.com/search?q=weather+Hòa+Thuận+Đắk+Lắk
Đắk Lắk,66,Buôn Ma Thuột,643,Hòa Xuân,24178,https://www.google.com/search?q=weather+Hòa+Xuân+Đắk+Lắk
Đắk Lắk,66,Buôn Ma Thuột,643,P. Ea Tam,24151,https://www.google.com/search?q=weather+P.+Ea+Tam+Đắk+Lắk
Đắk Lắk,66,Buôn Ma Thuột,643,P. Khánh Xuân,24154,https://www.google.com/search?q=weather+P.+Khánh+Xuân+Đắk+Lắk
Đắk Lắk,66,Buôn Ma Thuột,643,P. Tân An,24124,https://www.google.com/search?q=weather+P.+Tân+An+Đắk+Lắk
Đắk Lắk,66,Buôn Ma Thuột,643,P. Tân Hòa,24121,https://www.google.com/search?q=weather+P.+Tân+Hòa+Đắk+Lắk
Đắk Lắk,66,Buôn Ma Thuột,643,P. Tân Lập,24118,https://www.google.com/search?q=weather+P.+Tân+Lập+Đắk+Lắk
Đắk Lắk,66,Buôn Ma Thuột,643,P. Tân Lợi,24136,https://www.google.com/search?q=weather+P.+Tân+Lợi+Đắk+Lắk
Đắk Lắk,66,Buôn Ma Thuột,643,P. Tân Thành,24142,https://www.google.com/search?q=weather+P.+Tân+Thành+Đắk+Lắk
Đắk Lắk,66,Buôn Ma Thuột,643,P. Tân Tiến,24145,https://www.google.com/search?q=weather+P.+Tân+Tiến+Đắk+Lắk
Đắk Lắk,66,Buôn Ma Thuột,643,P. Thắng Lợi,24133,https://www.google.com/search?q=weather+P.+Thắng+Lợi+Đắk+Lắk
Đắk Lắk,66,Buôn Ma Thuột,643,P. Thành Công,24139,https://www.google.com/search?q=weather+P.+Thành+Công+Đắk+Lắk
Đắk Lắk,66,Buôn Ma Thuột,643,P. Thành Nhất,24130,https://www.google.com/search?q=weather+P.+Thành+Nhất+Đắk+Lắk
Đắk Lắk,66,Buôn Ma Thuột,643,P. Thống Nhất,24127,https://www.google.com/search?q=weather+P.+Thống+Nhất+Đắk+Lắk
Đắk Lắk,66,Buôn Ma Thuột,643,P. Tự An,24148,https://www.google.com/search?q=weather+P.+Tự+An+Đắk+Lắk
Đắk Lắk,66,Cư Kuin,657,Cư Ê Wi,24541,https://www.google.com/search?q=weather+Cư+Ê+Wi+Đắk+Lắk
Đắk Lắk,66,Cư Kuin,657,Dray Bhăng,24561,https://www.google.com/search?q=weather+Dray+Bhăng+Đắk+Lắk
Đắk Lắk,66,Cư Kuin,657,Ea BHốk,24550,https://www.google.com/search?q=weather+Ea+BHốk+Đắk+Lắk
Đắk Lắk,66,Cư Kuin,657,Ea Hu,24553,https://www.google.com/search?q=weather+Ea+Hu+Đắk+Lắk
Đắk Lắk,66,Cư Kuin,657,Ea Ktur,24544,https://www.google.com/search?q=weather+Ea+Ktur+Đắk+Lắk
Đắk Lắk,66,Cư Kuin,657,Ea Ning,24540,https://www.google.com/search?q=weather+Ea+Ning+Đắk+Lắk
Đắk Lắk,66,Cư Kuin,657,Ea Tiêu,24547,https://www.google.com/search?q=weather+Ea+Tiêu+Đắk+Lắk
Đắk Lắk,66,Cư Kuin,657,Hòa Hiệp,24562,https://www.google.com/search?q=weather+Hòa+Hiệp+Đắk+Lắk
Đắk Lắk,66,Cư M'Gar,648,Cư Dliê M'nông,24271,https://www.google.com/search?q=weather+Cư+Dliê+M'nông+Đắk+Lắk
Đắk Lắk,66,Cư M'Gar,648,Cư M'gar,24289,https://www.google.com/search?q=weather+Cư+M'gar+Đắk+Lắk
Đắk Lắk,66,Cư M'Gar,648,Cuor Đăng,24301,https://www.google.com/search?q=weather+Cuor+Đăng+Đắk+Lắk
Đắk Lắk,66,Cư M'Gar,648,Cư Suê,24298,https://www.google.com/search?q=weather+Cư+Suê+Đắk+Lắk
Đắk Lắk,66,Cư M'Gar,648,Ea D'Rơng,24292,https://www.google.com/search?q=weather+Ea+D'Rơng+Đắk+Lắk
Đắk Lắk,66,Cư M'Gar,648,Ea H'đinh,24274,https://www.google.com/search?q=weather+Ea+H'đinh+Đắk+Lắk
Đắk Lắk,66,Cư M'Gar,648,Ea Kiết,24265,https://www.google.com/search?q=weather+Ea+Kiết+Đắk+Lắk
Đắk Lắk,66,Cư M'Gar,648,Ea KPam,24280,https://www.google.com/search?q=weather+Ea+KPam+Đắk+Lắk
Đắk Lắk,66,Cư M'Gar,648,Ea Kuêh,24264,https://www.google.com/search?q=weather+Ea+Kuêh+Đắk+Lắk
Đắk Lắk,66,Cư M'Gar,648,Ea M'DRóh,24283,https://www.google.com/search?q=weather+Ea+M'DRóh+Đắk+Lắk
Đắk Lắk,66,Cư M'Gar,648,Ea M'nang,24295,https://www.google.com/search?q=weather+Ea+M'nang+Đắk+Lắk
Đắk Lắk,66,Cư M'Gar,648,Ea Tar,24268,https://www.google.com/search?q=weather+Ea+Tar+Đắk+Lắk
Đắk Lắk,66,Cư M'Gar,648,Ea Tul,24277,https://www.google.com/search?q=weather+Ea+Tul+Đắk+Lắk
Đắk Lắk,66,Cư M'Gar,648,Quảng Hiệp,24286,https://www.google.com/search?q=weather+Quảng+Hiệp+Đắk+Lắk
Đắk Lắk,66,Cư M'Gar,648,Quảng Tiến,24262,https://www.google.com/search?q=weather+Quảng+Tiến+Đắk+Lắk
Đắk Lắk,66,Cư M'Gar,648,TT. Ea Pốk,24256,https://www.google.com/search?q=weather+TT.+Ea+Pốk+Đắk+Lắk
Đắk Lắk,66,Cư M'Gar,648,TT. Quảng Phú,24259,https://www.google.com/search?q=weather+TT.+Quảng+Phú+Đắk+Lắk
Đắk Lắk,66,Ea H'Leo,645,Cư A Mung,24194,https://www.google.com/search?q=weather+Cư+A+Mung+Đắk+Lắk
Đắk Lắk,66,Ea H'Leo,645,Cư Mốt,24196,https://www.google.com/search?q=weather+Cư+Mốt+Đắk+Lắk
Đắk Lắk,66,Ea H'Leo,645,Dlêi Yang,24205,https://www.google.com/search?q=weather+Dlêi+Yang+Đắk+Lắk
Đắk Lắk,66,Ea H'Leo,645,Ea Hiao,24199,https://www.google.com/search?q=weather+Ea+Hiao+Đắk+Lắk
Đắk Lắk,66,Ea H'Leo,645,Ea H'leo,24184,https://www.google.com/search?q=weather+Ea+H'leo+Đắk+Lắk
Đắk Lắk,66,Ea H'Leo,645,Ea Khal,24202,https://www.google.com/search?q=weather+Ea+Khal+Đắk+Lắk
Đắk Lắk,66,Ea H'Leo,645,Ea Nam,24208,https://www.google.com/search?q=weather+Ea+Nam+Đắk+Lắk
Đắk Lắk,66,Ea H'Leo,645,Ea Ral,24190,https://www.google.com/search?q=weather+Ea+Ral+Đắk+Lắk
Đắk Lắk,66,Ea H'Leo,645,Ea Sol,24187,https://www.google.com/search?q=weather+Ea+Sol+Đắk+Lắk
Đắk Lắk,66,Ea H'Leo,645,Ea Tir,24207,https://www.google.com/search?q=weather+Ea+Tir+Đắk+Lắk
Đắk Lắk,66,Ea H'Leo,645,Ea Wy,24193,https://www.google.com/search?q=weather+Ea+Wy+Đắk+Lắk
Đắk Lắk,66,Ea H'Leo,645,TT. Ea Drăng,24181,https://www.google.com/search?q=weather+TT.+Ea+Drăng+Đắk+Lắk
Đắk Lắk,66,Ea Kar,651,Cư Bông,24406,https://www.google.com/search?q=weather+Cư+Bông+Đắk+Lắk
Đắk Lắk,66,Ea Kar,651,Cư ELang,24404,https://www.google.com/search?q=weather+Cư+ELang+Đắk+Lắk
Đắk Lắk,66,Ea Kar,651,Cư Huê,24385,https://www.google.com/search?q=weather+Cư+Huê+Đắk+Lắk
Đắk Lắk,66,Ea Kar,651,Cư Jang,24409,https://www.google.com/search?q=weather+Cư+Jang+Đắk+Lắk
Đắk Lắk,66,Ea Kar,651,Cư Ni,24397,https://www.google.com/search?q=weather+Cư+Ni+Đắk+Lắk
Đắk Lắk,66,Ea Kar,651,Cư Prông,24401,https://www.google.com/search?q=weather+Cư+Prông+Đắk+Lắk
Đắk Lắk,66,Ea Kar,651,Ea Đar,24391,https://www.google.com/search?q=weather+Ea+Đar+Đắk+Lắk
Đắk Lắk,66,Ea Kar,651,Ea Kmút,24394,https://www.google.com/search?q=weather+Ea+Kmút+Đắk+Lắk
Đắk Lắk,66,Ea Kar,651,Ea Ô,24403,https://www.google.com/search?q=weather+Ea+Ô+Đắk+Lắk
Đắk Lắk,66,Ea Kar,651,Ea Păl,24400,https://www.google.com/search?q=weather+Ea+Păl+Đắk+Lắk
Đắk Lắk,66,Ea Kar,651,Ea Sar,24380,https://www.google.com/search?q=weather+Ea+Sar+Đắk+Lắk
Đắk Lắk,66,Ea Kar,651,Ea Sô,24379,https://www.google.com/search?q=weather+Ea+Sô+Đắk+Lắk
Đắk Lắk,66,Ea Kar,651,Ea Tih,24388,https://www.google.com/search?q=weather+Ea+Tih+Đắk+Lắk
Đắk Lắk,66,Ea Kar,651,TT. Ea Kar,24373,https://www.google.com/search?q=weather+TT.+Ea+Kar+Đắk+Lắk
Đắk Lắk,66,Ea Kar,651,TT. Ea Knốp,24376,https://www.google.com/search?q=weather+TT.+Ea+Knốp+Đắk+Lắk
Đắk Lắk,66,Ea Kar,651,Xuân Phú,24382,https://www.google.com/search?q=weather+Xuân+Phú+Đắk+Lắk
Đắk Lắk,66,Ea Súp,646,Cư KBang,24226,https://www.google.com/search?q=weather+Cư+KBang+Đắk+Lắk
Đắk Lắk,66,Ea Súp,646,Cư M'Lan,24232,https://www.google.com/search?q=weather+Cư+M'Lan+Đắk+Lắk
Đắk Lắk,66,Ea Súp,646,Ea Bung,24229,https://www.google.com/search?q=weather+Ea+Bung+Đắk+Lắk
Đắk Lắk,66,Ea Súp,646,Ea Lê,24223,https://www.google.com/search?q=weather+Ea+Lê+Đắk+Lắk
Đắk Lắk,66,Ea Súp,646,Ea Rốki,24217,https://www.google.com/search?q=weather+Ea+Rốki+Đắk+Lắk
Đắk Lắk,66,Ea Súp,646,Ia JLơi,24215,https://www.google.com/search?q=weather+Ia+JLơi+Đắk+Lắk
Đắk Lắk,66,Ea Súp,646,Ia Lốp,24214,https://www.google.com/search?q=weather+Ia+Lốp+Đắk+Lắk
Đắk Lắk,66,Ea Súp,646,Ia RVê,24221,https://www.google.com/search?q=weather+Ia+RVê+Đắk+Lắk
Đắk Lắk,66,Ea Súp,646,TT. Ea Súp,24211,https://www.google.com/search?q=weather+TT.+Ea+Súp+Đắk+Lắk
Đắk Lắk,66,Ea Súp,646,Ya Tờ Mốt,24220,https://www.google.com/search?q=weather+Ya+Tờ+Mốt+Đắk+Lắk
Đắk Lắk,66,Krông Ana,655,Băng A Drênh,24568,https://www.google.com/search?q=weather+Băng+A+Drênh+Đắk+Lắk
Đắk Lắk,66,Krông Ana,655,Bình Hòa,24574,https://www.google.com/search?q=weather+Bình+Hòa+Đắk+Lắk
Đắk Lắk,66,Krông Ana,655,Dray Sáp,24556,https://www.google.com/search?q=weather+Dray+Sáp+Đắk+Lắk
Đắk Lắk,66,Krông Ana,655,Dur KMăl,24571,https://www.google.com/search?q=weather+Dur+KMăl+Đắk+Lắk
Đắk Lắk,66,Krông Ana,655,Ea Bông,24565,https://www.google.com/search?q=weather+Ea+Bông+Đắk+Lắk
Đắk Lắk,66,Krông Ana,655,Ea Na,24559,https://www.google.com/search?q=weather+Ea+Na+Đắk+Lắk
Đắk Lắk,66,Krông Ana,655,Quảng Điền,24577,https://www.google.com/search?q=weather+Quảng+Điền+Đắk+Lắk
Đắk Lắk,66,Krông Ana,655,TT. Buôn Trấp,24538,https://www.google.com/search?q=weather+TT.+Buôn+Trấp+Đắk+Lắk
Đắk Lắk,66,Krông Bông,653,Cư Drăm,24484,https://www.google.com/search?q=weather+Cư+Drăm+Đắk+Lắk
Đắk Lắk,66,Krông Bông,653,Cư KTy,24454,https://www.google.com/search?q=weather+Cư+KTy+Đắk+Lắk
Đắk Lắk,66,Krông Bông,653,Cư Pui,24478,https://www.google.com/search?q=weather+Cư+Pui+Đắk+Lắk
Đắk Lắk,66,Krông Bông,653,Dang Kang,24451,https://www.google.com/search?q=weather+Dang+Kang+Đắk+Lắk
Đắk Lắk,66,Krông Bông,653,Ea Trul,24472,https://www.google.com/search?q=weather+Ea+Trul+Đắk+Lắk
Đắk Lắk,66,Krông Bông,653,Hòa Lễ,24466,https://www.google.com/search?q=weather+Hòa+Lễ+Đắk+Lắk
Đắk Lắk,66,Krông Bông,653,Hòa Phong,24463,https://www.google.com/search?q=weather+Hòa+Phong+Đắk+Lắk
Đắk Lắk,66,Krông Bông,653,Hòa Sơn,24481,https://www.google.com/search?q=weather+Hòa+Sơn+Đắk+Lắk
Đắk Lắk,66,Krông Bông,653,Hòa Tân,24460,https://www.google.com/search?q=weather+Hòa+Tân+Đắk+Lắk
Đắk Lắk,66,Krông Bông,653,Hòa Thành,24457,https://www.google.com/search?q=weather+Hòa+Thành+Đắk+Lắk
Đắk Lắk,66,Krông Bông,653,Khuê Ngọc Điền,24475,https://www.google.com/search?q=weather+Khuê+Ngọc+Điền+Đắk+Lắk
Đắk Lắk,66,Krông Bông,653,TT. Krông Kmar,24448,https://www.google.com/search?q=weather+TT.+Krông+Kmar+Đắk+Lắk
Đắk Lắk,66,Krông Bông,653,Yang Mao,24487,https://www.google.com/search?q=weather+Yang+Mao+Đắk+Lắk
Đắk Lắk,66,Krông Bông,653,Yang Reh,24469,https://www.google.com/search?q=weather+Yang+Reh+Đắk+Lắk
Đắk Lắk,66,Krông Búk,649,Chư KBô,24310,https://www.google.com/search?q=weather+Chư+KBô+Đắk+Lắk
Đắk Lắk,66,Krông Búk,649,Cư Né,24307,https://www.google.com/search?q=weather+Cư+Né+Đắk+Lắk
Đắk Lắk,66,Krông Búk,649,Cư Pơng,24313,https://www.google.com/search?q=weather+Cư+Pơng+Đắk+Lắk
Đắk Lắk,66,Krông Búk,649,Ea Ngai,24319,https://www.google.com/search?q=weather+Ea+Ngai+Đắk+Lắk
Đắk Lắk,66,Krông Búk,649,Ea Sin,24314,https://www.google.com/search?q=weather+Ea+Sin+Đắk+Lắk
Đắk Lắk,66,Krông Búk,649,Pơng Drang,24316,https://www.google.com/search?q=weather+Pơng+Drang+Đắk+Lắk
Đắk Lắk,66,Krông Búk,649,Tân Lập,24317,https://www.google.com/search?q=weather+Tân+Lập+Đắk+Lắk
Đắk Lắk,66,Krông Năng,650,Cư Klông,24367,https://www.google.com/search?q=weather+Cư+Klông+Đắk+Lắk
Đắk Lắk,66,Krông Năng,650,ĐLiê Ya,24346,https://www.google.com/search?q=weather+ĐLiê+Ya+Đắk+Lắk
Đắk Lắk,66,Krông Năng,650,Ea Dăh,24360,https://www.google.com/search?q=weather+Ea+Dăh+Đắk+Lắk
Đắk Lắk,66,Krông Năng,650,Ea Hồ,24361,https://www.google.com/search?q=weather+Ea+Hồ+Đắk+Lắk
Đắk Lắk,66,Krông Năng,650,Ea Puk,24359,https://www.google.com/search?q=weather+Ea+Puk+Đắk+Lắk
Đắk Lắk,66,Krông Năng,650,Ea Tam,24352,https://www.google.com/search?q=weather+Ea+Tam+Đắk+Lắk
Đắk Lắk,66,Krông Năng,650,Ea Tân,24370,https://www.google.com/search?q=weather+Ea+Tân+Đắk+Lắk
Đắk Lắk,66,Krông Năng,650,Ea Tóh,24349,https://www.google.com/search?q=weather+Ea+Tóh+Đắk+Lắk
Đắk Lắk,66,Krông Năng,650,Phú Lộc,24355,https://www.google.com/search?q=weather+Phú+Lộc+Đắk+Lắk
Đắk Lắk,66,Krông Năng,650,Phú Xuân,24364,https://www.google.com/search?q=weather+Phú+Xuân+Đắk+Lắk
Đắk Lắk,66,Krông Năng,650,Tam Giang,24358,https://www.google.com/search?q=weather+Tam+Giang+Đắk+Lắk
Đắk Lắk,66,Krông Năng,650,TT. Krông Năng,24343,https://www.google.com/search?q=weather+TT.+Krông+Năng+Đắk+Lắk
Đắk Lắk,66,Krông Pắc,654,Ea Hiu,24520,https://www.google.com/search?q=weather+Ea+Hiu+Đắk+Lắk
Đắk Lắk,66,Krông Pắc,654,Ea Kênh,24499,https://www.google.com/search?q=weather+Ea+Kênh+Đắk+Lắk
Đắk Lắk,66,Krông Pắc,654,Ea Kly,24496,https://www.google.com/search?q=weather+Ea+Kly+Đắk+Lắk
Đắk Lắk,66,Krông Pắc,654,Ea KNuec,24505,https://www.google.com/search?q=weather+Ea+KNuec+Đắk+Lắk
Đắk Lắk,66,Krông Pắc,654,Ea Kuăng,24514,https://www.google.com/search?q=weather+Ea+Kuăng+Đắk+Lắk
Đắk Lắk,66,Krông Pắc,654,Ea Phê,24502,https://www.google.com/search?q=weather+Ea+Phê+Đắk+Lắk
Đắk Lắk,66,Krông Pắc,654,Ea Uy,24532,https://www.google.com/search?q=weather+Ea+Uy+Đắk+Lắk
Đắk Lắk,66,Krông Pắc,654,Ea Yiêng,24535,https://www.google.com/search?q=weather+Ea+Yiêng+Đắk+Lắk
Đắk Lắk,66,Krông Pắc,654,Ea Yông,24508,https://www.google.com/search?q=weather+Ea+Yông+Đắk+Lắk
Đắk Lắk,66,Krông Pắc,654,Hòa An,24511,https://www.google.com/search?q=weather+Hòa+An+Đắk+Lắk
Đắk Lắk,66,Krông Pắc,654,Hòa Đông,24517,https://www.google.com/search?q=weather+Hòa+Đông+Đắk+Lắk
Đắk Lắk,66,Krông Pắc,654,Hòa Tiến,24523,https://www.google.com/search?q=weather+Hòa+Tiến+Đắk+Lắk
Đắk Lắk,66,Krông Pắc,654,KRông Búk,24493,https://www.google.com/search?q=weather+KRông+Búk+Đắk+Lắk
Đắk Lắk,66,Krông Pắc,654,Tân Tiến,24526,https://www.google.com/search?q=weather+Tân+Tiến+Đắk+Lắk
Đắk Lắk,66,Krông Pắc,654,TT. Phước An,24490,https://www.google.com/search?q=weather+TT.+Phước+An+Đắk+Lắk
Đắk Lắk,66,Krông Pắc,654,Vụ Bổn,24529,https://www.google.com/search?q=weather+Vụ+Bổn+Đắk+Lắk
Đắk Lắk,66,Lắk,656,Bông Krang,24586,https://www.google.com/search?q=weather+Bông+Krang+Đắk+Lắk
Đắk Lắk,66,Lắk,656,Buôn Tría,24595,https://www.google.com/search?q=weather+Buôn+Tría+Đắk+Lắk
Đắk Lắk,66,Lắk,656,Buôn Triết,24592,https://www.google.com/search?q=weather+Buôn+Triết+Đắk+Lắk
Đắk Lắk,66,Lắk,656,Đắk Liêng,24589,https://www.google.com/search?q=weather+Đắk+Liêng+Đắk+Lắk
Đắk Lắk,66,Lắk,656,Đắk Nuê,24601,https://www.google.com/search?q=weather+Đắk+Nuê+Đắk+Lắk
Đắk Lắk,66,Lắk,656,Đắk Phơi,24598,https://www.google.com/search?q=weather+Đắk+Phơi+Đắk+Lắk
Đắk Lắk,66,Lắk,656,Ea R'Bin,24610,https://www.google.com/search?q=weather+Ea+R'Bin+Đắk+Lắk
Đắk Lắk,66,Lắk,656,Krông Nô,24604,https://www.google.com/search?q=weather+Krông+Nô+Đắk+Lắk
Đắk Lắk,66,Lắk,656,Nam Ka,24607,https://www.google.com/search?q=weather+Nam+Ka+Đắk+Lắk
Đắk Lắk,66,Lắk,656,TT. Liên Sơn,24580,https://www.google.com/search?q=weather+TT.+Liên+Sơn+Đắk+Lắk
Đắk Lắk,66,Lắk,656,Yang Tao,24583,https://www.google.com/search?q=weather+Yang+Tao+Đắk+Lắk
Đắk Lắk,66,M'Đrắk,652,Cư K Róa,24439,https://www.google.com/search?q=weather+Cư+K+Róa+Đắk+Lắk
Đắk Lắk,66,M'Đrắk,652,Cư M'ta,24436,https://www.google.com/search?q=weather+Cư+M'ta+Đắk+Lắk
Đắk Lắk,66,M'Đrắk,652,Cư Prao,24415,https://www.google.com/search?q=weather+Cư+Prao+Đắk+Lắk
Đắk Lắk,66,M'Đrắk,652,Cư San,24444,https://www.google.com/search?q=weather+Cư+San+Đắk+Lắk
Đắk Lắk,66,M'Đrắk,652,Ea H'MLay,24424,https://www.google.com/search?q=weather+Ea+H'MLay+Đắk+Lắk
Đắk Lắk,66,M'Đrắk,652,Ea Lai,24421,https://www.google.com/search?q=weather+Ea+Lai+Đắk+Lắk
Đắk Lắk,66,M'Đrắk,652,Ea M' Doal,24430,https://www.google.com/search?q=weather+Ea+M'+Doal+Đắk+Lắk
Đắk Lắk,66,M'Đrắk,652,Ea Pil,24418,https://www.google.com/search?q=weather+Ea+Pil+Đắk+Lắk
Đắk Lắk,66,M'Đrắk,652,Ea Riêng,24433,https://www.google.com/search?q=weather+Ea+Riêng+Đắk+Lắk
Đắk Lắk,66,M'Đrắk,652,Ea Trang,24445,https://www.google.com/search?q=weather+Ea+Trang+Đắk+Lắk
Đắk Lắk,66,M'Đrắk,652,Krông á,24442,https://www.google.com/search?q=weather+Krông+á+Đắk+Lắk
Đắk Lắk,66,M'Đrắk,652,Krông Jing,24427,https://www.google.com/search?q=weather+Krông+Jing+Đắk+Lắk
Đắk Lắk,66,M'Đrắk,652,TT. M'Đrắk,24412,https://www.google.com/search?q=weather+TT.+M'Đrắk+Đắk+Lắk
Đắk Lắk,66,TX. Buôn Hồ,644,Bình Thuận,24337,https://www.google.com/search?q=weather+Bình+Thuận+Đắk+Lắk
Đắk Lắk,66,TX. Buôn Hồ,644,Cư Bao,24340,https://www.google.com/search?q=weather+Cư+Bao+Đắk+Lắk
Đắk Lắk,66,TX. Buôn Hồ,644,Ea Blang,24325,https://www.google.com/search?q=weather+Ea+Blang+Đắk+Lắk
Đắk Lắk,66,TX. Buôn Hồ,644,Ea Drông,24328,https://www.google.com/search?q=weather+Ea+Drông+Đắk+Lắk
Đắk Lắk,66,TX. Buôn Hồ,644,Ea Siên,24334,https://www.google.com/search?q=weather+Ea+Siên+Đắk+Lắk
Đắk Lắk,66,TX. Buôn Hồ,644,P. An Bình,24308,https://www.google.com/search?q=weather+P.+An+Bình+Đắk+Lắk
Đắk Lắk,66,TX. Buôn Hồ,644,P. An Lạc,24305,https://www.google.com/search?q=weather+P.+An+Lạc+Đắk+Lắk
Đắk Lắk,66,TX. Buôn Hồ,644,P. Bình Tân,24332,https://www.google.com/search?q=weather+P.+Bình+Tân+Đắk+Lắk
Đắk Lắk,66,TX. Buôn Hồ,644,P. Đạt Hiếu,24318,https://www.google.com/search?q=weather+P.+Đạt+Hiếu+Đắk+Lắk
Đắk Lắk,66,TX. Buôn Hồ,644,P. Đoàn Kết,24322,https://www.google.com/search?q=weather+P.+Đoàn+Kết+Đắk+Lắk
Đắk Lắk,66,TX. Buôn Hồ,644,P. Thiện An,24311,https://www.google.com/search?q=weather+P.+Thiện+An+Đắk+Lắk
Đắk Lắk,66,TX. Buôn Hồ,644,P. Thống Nhất,24331,https://www.google.com/search?q=weather+P.+Thống+Nhất+Đắk+Lắk
Đắk Nông,67,Cư Jút,662,Cư Knia,24658,https://www.google.com/search?q=weather+Cư+Knia+Đắk+Nông
Đắk Nông,67,Cư Jút,662,Đắk Drông,24652,https://www.google.com/search?q=weather+Đắk+Drông+Đắk+Nông
Đắk Nông,67,Cư Jút,662,Đắk Wil,24643,https://www.google.com/search?q=weather+Đắk+Wil+Đắk+Nông
Đắk Nông,67,Cư Jút,662,Ea Pô,24646,https://www.google.com/search?q=weather+Ea+Pô+Đắk+Nông
Đắk Nông,67,Cư Jút,662,Nam Dong,24649,https://www.google.com/search?q=weather+Nam+Dong+Đắk+Nông
Đắk Nông,67,Cư Jút,662,Tâm Thắng,24655,https://www.google.com/search?q=weather+Tâm+Thắng+Đắk+Nông
Đắk Nông,67,Cư Jút,662,Trúc Sơn,24661,https://www.google.com/search?q=weather+Trúc+Sơn+Đắk+Nông
Đắk Nông,67,Cư Jút,662,TT. Ea T'Ling,24640,https://www.google.com/search?q=weather+TT.+Ea+T'Ling+Đắk+Nông
Đắk Nông,67,Đắk Glong,661,Đắk Ha,24622,https://www.google.com/search?q=weather+Đắk+Ha+Đắk+Nông
Đắk Nông,67,Đắk Glong,661,Đắk Plao,24634,https://www.google.com/search?q=weather+Đắk+Plao+Đắk+Nông
Đắk Nông,67,Đắk Glong,661,Đắk R'Măng,24625,https://www.google.com/search?q=weather+Đắk+R'Măng+Đắk+Nông
Đắk Nông,67,Đắk Glong,661,Đắk Som,24637,https://www.google.com/search?q=weather+Đắk+Som+Đắk+Nông
Đắk Nông,67,Đắk Glong,661,Quảng Hòa,24620,https://www.google.com/search?q=weather+Quảng+Hòa+Đắk+Nông
Đắk Nông,67,Đắk Glong,661,Quảng Khê,24631,https://www.google.com/search?q=weather+Quảng+Khê+Đắk+Nông
Đắk Nông,67,Đắk Glong,661,Quảng Sơn,24616,https://www.google.com/search?q=weather+Quảng+Sơn+Đắk+Nông
Đắk Nông,67,Đắk Mil,663,Đắk Gằn,24673,https://www.google.com/search?q=weather+Đắk+Gằn+Đắk+Nông
Đắk Nông,67,Đắk Mil,663,Đắk Lao,24667,https://www.google.com/search?q=weather+Đắk+Lao+Đắk+Nông
Đắk Nông,67,Đắk Mil,663,Đắk N'Drót,24677,https://www.google.com/search?q=weather+Đắk+N'Drót+Đắk+Nông
Đắk Nông,67,Đắk Mil,663,Đắk R'La,24670,https://www.google.com/search?q=weather+Đắk+R'La+Đắk+Nông
Đắk Nông,67,Đắk Mil,663,Đắk Sắk,24679,https://www.google.com/search?q=weather+Đắk+Sắk+Đắk+Nông
Đắk Nông,67,Đắk Mil,663,Đức Mạnh,24676,https://www.google.com/search?q=weather+Đức+Mạnh+Đắk+Nông
Đắk Nông,67,Đắk Mil,663,Đức Minh,24685,https://www.google.com/search?q=weather+Đức+Minh+Đắk+Nông
Đắk Nông,67,Đắk Mil,663,Long Sơn,24678,https://www.google.com/search?q=weather+Long+Sơn+Đắk+Nông
Đắk Nông,67,Đắk Mil,663,Thuận An,24682,https://www.google.com/search?q=weather+Thuận+An+Đắk+Nông
Đắk Nông,67,Đắk Mil,663,TT. Đắk Mil,24664,https://www.google.com/search?q=weather+TT.+Đắk+Mil+Đắk+Nông
Đắk Nông,67,Đắk RLấp,666,Đắk Ru,24763,https://www.google.com/search?q=weather+Đắk+Ru+Đắk+Nông
Đắk Nông,67,Đắk RLấp,666,Đắk Sin,24760,https://www.google.com/search?q=weather+Đắk+Sin+Đắk+Nông
Đắk Nông,67,Đắk RLấp,666,Đắk Wer,24750,https://www.google.com/search?q=weather+Đắk+Wer+Đắk+Nông
Đắk Nông,67,Đắk RLấp,666,Đạo Nghĩa,24757,https://www.google.com/search?q=weather+Đạo+Nghĩa+Đắk+Nông
Đắk Nông,67,Đắk RLấp,666,Hưng Bình,24761,https://www.google.com/search?q=weather+Hưng+Bình+Đắk+Nông
Đắk Nông,67,Đắk RLấp,666,Kiến Thành,24754,https://www.google.com/search?q=weather+Kiến+Thành+Đắk+Nông
Đắk Nông,67,Đắk RLấp,666,Nghĩa Thắng,24756,https://www.google.com/search?q=weather+Nghĩa+Thắng+Đắk+Nông
Đắk Nông,67,Đắk RLấp,666,Nhân Cơ,24751,https://www.google.com/search?q=weather+Nhân+Cơ+Đắk+Nông
Đắk Nông,67,Đắk RLấp,666,Nhân Đạo,24766,https://www.google.com/search?q=weather+Nhân+Đạo+Đắk+Nông
Đắk Nông,67,Đắk RLấp,666,Quảng Tín,24745,https://www.google.com/search?q=weather+Quảng+Tín+Đắk+Nông
Đắk Nông,67,Đắk RLấp,666,TT. Kiến Đức,24733,https://www.google.com/search?q=weather+TT.+Kiến+Đức+Đắk+Nông
Đắk Nông,67,Đắk Song,665,Đắk Hòa,24719,https://www.google.com/search?q=weather+Đắk+Hòa+Đắk+Nông
Đắk Nông,67,Đắk Song,665,Đắk Môl,24718,https://www.google.com/search?q=weather+Đắk+Môl+Đắk+Nông
Đắk Nông,67,Đắk Song,665,Đắk N'Drung,24727,https://www.google.com/search?q=weather+Đắk+N'Drung+Đắk+Nông
Đắk Nông,67,Đắk Song,665,Nam Bình,24721,https://www.google.com/search?q=weather+Nam+Bình+Đắk+Nông
Đắk Nông,67,Đắk Song,665,Nâm N'Jang,24728,https://www.google.com/search?q=weather+Nâm+N'Jang+Đắk+Nông
Đắk Nông,67,Đắk Song,665,Thuận Hà,24722,https://www.google.com/search?q=weather+Thuận+Hà+Đắk+Nông
Đắk Nông,67,Đắk Song,665,Thuận Hạnh,24724,https://www.google.com/search?q=weather+Thuận+Hạnh+Đắk+Nông
Đắk Nông,67,Đắk Song,665,Trường Xuân,24730,https://www.google.com/search?q=weather+Trường+Xuân+Đắk+Nông
Đắk Nông,67,Đắk Song,665,TT. Đức An,24717,https://www.google.com/search?q=weather+TT.+Đức+An+Đắk+Nông
Đắk Nông,67,KRông Nô,664,Buôn Choah,24694,https://www.google.com/search?q=weather+Buôn+Choah+Đắk+Nông
Đắk Nông,67,KRông Nô,664,Đắk DRô,24700,https://www.google.com/search?q=weather+Đắk+DRô+Đắk+Nông
Đắk Nông,67,KRông Nô,664,Đắk Nang,24709,https://www.google.com/search?q=weather+Đắk+Nang+Đắk+Nông
Đắk Nông,67,KRông Nô,664,Đắk Sôr,24691,https://www.google.com/search?q=weather+Đắk+Sôr+Đắk+Nông
Đắk Nông,67,KRông Nô,664,Đức Xuyên,24706,https://www.google.com/search?q=weather+Đức+Xuyên+Đắk+Nông
Đắk Nông,67,KRông Nô,664,Nam Đà,24697,https://www.google.com/search?q=weather+Nam+Đà+Đắk+Nông
Đắk Nông,67,KRông Nô,664,Nâm N'Đir,24715,https://www.google.com/search?q=weather+Nâm+N'Đir+Đắk+Nông
Đắk Nông,67,KRông Nô,664,Nam Nung,24703,https://www.google.com/search?q=weather+Nam+Nung+Đắk+Nông
Đắk Nông,67,KRông Nô,664,Nam Xuân,24692,https://www.google.com/search?q=weather+Nam+Xuân+Đắk+Nông
Đắk Nông,67,KRông Nô,664,Quảng Phú,24712,https://www.google.com/search?q=weather+Quảng+Phú+Đắk+Nông
Đắk Nông,67,KRông Nô,664,Tân Thành,24699,https://www.google.com/search?q=weather+Tân+Thành+Đắk+Nông
Đắk Nông,67,KRông Nô,664,TT. Đắk Mâm,24688,https://www.google.com/search?q=weather+TT.+Đắk+Mâm+Đắk+Nông
Đắk Nông,67,Tuy Đức,667,Đắk Búk So,24739,https://www.google.com/search?q=weather+Đắk+Búk+So+Đắk+Nông
Đắk Nông,67,Tuy Đức,667,Đắk Ngo,24746,https://www.google.com/search?q=weather+Đắk+Ngo+Đắk+Nông
Đắk Nông,67,Tuy Đức,667,Đắk R'Tih,24742,https://www.google.com/search?q=weather+Đắk+R'Tih+Đắk+Nông
Đắk Nông,67,Tuy Đức,667,Quảng Tâm,24740,https://www.google.com/search?q=weather+Quảng+Tâm+Đắk+Nông
Đắk Nông,67,Tuy Đức,667,Quảng Tân,24748,https://www.google.com/search?q=weather+Quảng+Tân+Đắk+Nông
Đắk Nông,67,Tuy Đức,667,Quảng Trực,24736,https://www.google.com/search?q=weather+Quảng+Trực+Đắk+Nông
Đắk Nông,67,TX. Gia Nghĩa,660,Đắk Nia,24628,https://www.google.com/search?q=weather+Đắk+Nia+Đắk+Nông
Đắk Nông,67,TX. Gia Nghĩa,660,Đắk R'Moan,24618,https://www.google.com/search?q=weather+Đắk+R'Moan+Đắk+Nông
Đắk Nông,67,TX. Gia Nghĩa,660,P. Nghĩa Đức,24611,https://www.google.com/search?q=weather+P.+Nghĩa+Đức+Đắk+Nông
Đắk Nông,67,TX. Gia Nghĩa,660,P. Nghĩa Phú,24614,https://www.google.com/search?q=weather+P.+Nghĩa+Phú+Đắk+Nông
Đắk Nông,67,TX. Gia Nghĩa,660,P. Nghĩa Tân,24615,https://www.google.com/search?q=weather+P.+Nghĩa+Tân+Đắk+Nông
Đắk Nông,67,TX. Gia Nghĩa,660,P. Nghĩa Thành,24612,https://www.google.com/search?q=weather+P.+Nghĩa+Thành+Đắk+Nông
Đắk Nông,67,TX. Gia Nghĩa,660,P. Nghĩa Trung,24617,https://www.google.com/search?q=weather+P.+Nghĩa+Trung+Đắk+Nông
Đắk Nông,67,TX. Gia Nghĩa,660,Quảng Thành,24619,https://www.google.com/search?q=weather+Quảng+Thành+Đắk+Nông
Gia Lai,64,Chư Păh,627,Chư Đăng Ya,23746,https://www.google.com/search?q=weather+Chư+Đăng+Ya+Gia+Lai
Gia Lai,64,Chư Păh,627,Chư Jôr,23758,https://www.google.com/search?q=weather+Chư+Jôr+Gia+Lai
Gia Lai,64,Chư Păh,627,Đăk Tơ Ver,23740,https://www.google.com/search?q=weather+Đăk+Tơ+Ver+Gia+Lai
Gia Lai,64,Chư Păh,627,Hà Tây,23725,https://www.google.com/search?q=weather+Hà+Tây+Gia+Lai
Gia Lai,64,Chư Păh,627,Hòa Phú,23743,https://www.google.com/search?q=weather+Hòa+Phú+Gia+Lai
Gia Lai,64,Chư Păh,627,Ia Ka,23749,https://www.google.com/search?q=weather+Ia+Ka+Gia+Lai
Gia Lai,64,Chư Păh,627,Ia Khươl,23728,https://www.google.com/search?q=weather+Ia+Khươl+Gia+Lai
Gia Lai,64,Chư Păh,627,Ia Kreng,23738,https://www.google.com/search?q=weather+Ia+Kreng+Gia+Lai
Gia Lai,64,Chư Păh,627,Ia Mơ Nông,23737,https://www.google.com/search?q=weather+Ia+Mơ+Nông+Gia+Lai
Gia Lai,64,Chư Păh,627,Ia Nhin,23752,https://www.google.com/search?q=weather+Ia+Nhin+Gia+Lai
Gia Lai,64,Chư Păh,627,Ia Phí,23731,https://www.google.com/search?q=weather+Ia+Phí+Gia+Lai
Gia Lai,64,Chư Păh,627,Nghĩa Hòa,23755,https://www.google.com/search?q=weather+Nghĩa+Hòa+Gia+Lai
Gia Lai,64,Chư Păh,627,Nghĩa Hưng,23761,https://www.google.com/search?q=weather+Nghĩa+Hưng+Gia+Lai
Gia Lai,64,Chư Păh,627,TT. Ia Ly,23734,https://www.google.com/search?q=weather+TT.+Ia+Ly+Gia+Lai
Gia Lai,64,Chư Păh,627,TT. Phú Hòa,23722,https://www.google.com/search?q=weather+TT.+Phú+Hòa+Gia+Lai
Gia Lai,64,Chư Prông,632,Bàu Cạn,23899,https://www.google.com/search?q=weather+Bàu+Cạn+Gia+Lai
Gia Lai,64,Chư Prông,632,Bình Giáo,23890,https://www.google.com/search?q=weather+Bình+Giáo+Gia+Lai
Gia Lai,64,Chư Prông,632,Ia Bang,23924,https://www.google.com/search?q=weather+Ia+Bang+Gia+Lai
Gia Lai,64,Chư Prông,632,Ia Băng,23905,https://www.google.com/search?q=weather+Ia+Băng+Gia+Lai
Gia Lai,64,Chư Prông,632,Ia Boòng,23911,https://www.google.com/search?q=weather+Ia+Boòng+Gia+Lai
Gia Lai,64,Chư Prông,632,Ia Drang,23893,https://www.google.com/search?q=weather+Ia+Drang+Gia+Lai
Gia Lai,64,Chư Prông,632,Ia Ga,23929,https://www.google.com/search?q=weather+Ia+Ga+Gia+Lai
Gia Lai,64,Chư Prông,632,Ia Kly,23888,https://www.google.com/search?q=weather+Ia+Kly+Gia+Lai
Gia Lai,64,Chư Prông,632,Ia Lâu,23932,https://www.google.com/search?q=weather+Ia+Lâu+Gia+Lai
Gia Lai,64,Chư Prông,632,Ia Me,23920,https://www.google.com/search?q=weather+Ia+Me+Gia+Lai
Gia Lai,64,Chư Prông,632,Ia Mơ,23938,https://www.google.com/search?q=weather+Ia+Mơ+Gia+Lai
Gia Lai,64,Chư Prông,632,Ia O,23914,https://www.google.com/search?q=weather+Ia+O+Gia+Lai
Gia Lai,64,Chư Prông,632,Ia Phìn,23902,https://www.google.com/search?q=weather+Ia+Phìn+Gia+Lai
Gia Lai,64,Chư Prông,632,Ia Pia,23926,https://www.google.com/search?q=weather+Ia+Pia+Gia+Lai
Gia Lai,64,Chư Prông,632,Ia Piơr,23935,https://www.google.com/search?q=weather+Ia+Piơr+Gia+Lai
Gia Lai,64,Chư Prông,632,Ia Púch,23917,https://www.google.com/search?q=weather+Ia+Púch+Gia+Lai
Gia Lai,64,Chư Prông,632,Ia Tôr,23908,https://www.google.com/search?q=weather+Ia+Tôr+Gia+Lai
Gia Lai,64,Chư Prông,632,Ia Vê,23923,https://www.google.com/search?q=weather+Ia+Vê+Gia+Lai
Gia Lai,64,Chư Prông,632,Thăng Hưng,23896,https://www.google.com/search?q=weather+Thăng+Hưng+Gia+Lai
Gia Lai,64,Chư Prông,632,TT. Chư Prông,23887,https://www.google.com/search?q=weather+TT.+Chư+Prông+Gia+Lai
Gia Lai,64,Chư Pưh,639,Chư Don,23980,https://www.google.com/search?q=weather+Chư+Don+Gia+Lai
Gia Lai,64,Chư Pưh,639,Ia Blứ,23987,https://www.google.com/search?q=weather+Ia+Blứ+Gia+Lai
Gia Lai,64,Chư Pưh,639,Ia Dreng,23974,https://www.google.com/search?q=weather+Ia+Dreng+Gia+Lai
Gia Lai,64,Chư Pưh,639,Ia Hla,23978,https://www.google.com/search?q=weather+Ia+Hla+Gia+Lai
Gia Lai,64,Chư Pưh,639,Ia Hrú,23971,https://www.google.com/search?q=weather+Ia+Hrú+Gia+Lai
Gia Lai,64,Chư Pưh,639,Ia Le,23986,https://www.google.com/search?q=weather+Ia+Le+Gia+Lai
Gia Lai,64,Chư Pưh,639,Ia Phang,23983,https://www.google.com/search?q=weather+Ia+Phang+Gia+Lai
Gia Lai,64,Chư Pưh,639,Ia Rong,23972,https://www.google.com/search?q=weather+Ia+Rong+Gia+Lai
Gia Lai,64,Chư Pưh,639,TT. Nhơn Hòa,23942,https://www.google.com/search?q=weather+TT.+Nhơn+Hòa+Gia+Lai
Gia Lai,64,Chư Sê,633,Al Bá,23953,https://www.google.com/search?q=weather+Al+Bá+Gia+Lai
Gia Lai,64,Chư Sê,633,Ayun,23956,https://www.google.com/search?q=weather+Ayun+Gia+Lai
Gia Lai,64,Chư Sê,633,Bar Măih,23946,https://www.google.com/search?q=weather+Bar+Măih+Gia+Lai
Gia Lai,64,Chư Sê,633,Bờ Ngoong,23947,https://www.google.com/search?q=weather+Bờ+Ngoong+Gia+Lai
Gia Lai,64,Chư Sê,633,Chư Pơng,23945,https://www.google.com/search?q=weather+Chư+Pơng+Gia+Lai
Gia Lai,64,Chư Sê,633,Dun,23965,https://www.google.com/search?q=weather+Dun+Gia+Lai
Gia Lai,64,Chư Sê,633,HBông,23968,https://www.google.com/search?q=weather+HBông+Gia+Lai
Gia Lai,64,Chư Sê,633,Ia Blang,23962,https://www.google.com/search?q=weather+Ia+Blang+Gia+Lai
Gia Lai,64,Chư Sê,633,Ia Glai,23950,https://www.google.com/search?q=weather+Ia+Glai+Gia+Lai
Gia Lai,64,Chư Sê,633,Ia Hlốp,23959,https://www.google.com/search?q=weather+Ia+Hlốp+Gia+Lai
Gia Lai,64,Chư Sê,633,Ia Ko,23977,https://www.google.com/search?q=weather+Ia+Ko+Gia+Lai
Gia Lai,64,Chư Sê,633,Ia Pal,23966,https://www.google.com/search?q=weather+Ia+Pal+Gia+Lai
Gia Lai,64,Chư Sê,633,Ia Tiêm,23944,https://www.google.com/search?q=weather+Ia+Tiêm+Gia+Lai
Gia Lai,64,Chư Sê,633,Kông HTok,23954,https://www.google.com/search?q=weather+Kông+HTok+Gia+Lai
Gia Lai,64,Chư Sê,633,TT. Chư Sê,23941,https://www.google.com/search?q=weather+TT.+Chư+Sê+Gia+Lai
Gia Lai,64,Đăk Đoa,626,A Dơk,23710,https://www.google.com/search?q=weather+A+Dơk+Gia+Lai
Gia Lai,64,Đăk Đoa,626,Đăk Krong,23684,https://www.google.com/search?q=weather+Đăk+Krong+Gia+Lai
Gia Lai,64,Đăk Đoa,626,Đăk Sơ Mei,23683,https://www.google.com/search?q=weather+Đăk+Sơ+Mei+Gia+Lai
Gia Lai,64,Đăk Đoa,626,Glar,23707,https://www.google.com/search?q=weather+Glar+Gia+Lai
Gia Lai,64,Đăk Đoa,626,Hà Bầu,23692,https://www.google.com/search?q=weather+Hà+Bầu+Gia+Lai
Gia Lai,64,Đăk Đoa,626,Hà Đông,23680,https://www.google.com/search?q=weather+Hà+Đông+Gia+Lai
Gia Lai,64,Đăk Đoa,626,Hải Yang,23686,https://www.google.com/search?q=weather+Hải+Yang+Gia+Lai
Gia Lai,64,Đăk Đoa,626,HNeng,23701,https://www.google.com/search?q=weather+HNeng+Gia+Lai
Gia Lai,64,Đăk Đoa,626,HNol,23714,https://www.google.com/search?q=weather+HNol+Gia+Lai
Gia Lai,64,Đăk Đoa,626,Ia Băng,23719,https://www.google.com/search?q=weather+Ia+Băng+Gia+Lai
Gia Lai,64,Đăk Đoa,626,Ia Pết,23716,https://www.google.com/search?q=weather+Ia+Pết+Gia+Lai
Gia Lai,64,Đăk Đoa,626,KDang,23698,https://www.google.com/search?q=weather+KDang+Gia+Lai
Gia Lai,64,Đăk Đoa,626,Kon Gang,23689,https://www.google.com/search?q=weather+Kon+Gang+Gia+Lai
Gia Lai,64,Đăk Đoa,626,Nam Yang,23695,https://www.google.com/search?q=weather+Nam+Yang+Gia+Lai
Gia Lai,64,Đăk Đoa,626,Tân Bình,23704,https://www.google.com/search?q=weather+Tân+Bình+Gia+Lai
Gia Lai,64,Đăk Đoa,626,Trang,23713,https://www.google.com/search?q=weather+Trang+Gia+Lai
Gia Lai,64,Đăk Đoa,626,TT. Đăk Đoa,23677,https://www.google.com/search?q=weather+TT.+Đăk+Đoa+Gia+Lai
Gia Lai,64,Đak Pơ,634,An Thành,23992,https://www.google.com/search?q=weather+An+Thành+Gia+Lai
Gia Lai,64,Đak Pơ,634,Cư An,24001,https://www.google.com/search?q=weather+Cư+An+Gia+Lai
Gia Lai,64,Đak Pơ,634,Hà Tam,23989,https://www.google.com/search?q=weather+Hà+Tam+Gia+Lai
Gia Lai,64,Đak Pơ,634,Phú An,24007,https://www.google.com/search?q=weather+Phú+An+Gia+Lai
Gia Lai,64,Đak Pơ,634,Tân An,24004,https://www.google.com/search?q=weather+Tân+An+Gia+Lai
Gia Lai,64,Đak Pơ,634,TT. Đak Pơ,23995,https://www.google.com/search?q=weather+TT.+Đak+Pơ+Gia+Lai
Gia Lai,64,Đak Pơ,634,Ya Hội,24010,https://www.google.com/search?q=weather+Ya+Hội+Gia+Lai
Gia Lai,64,Đak Pơ,634,Yang Băc,23998,https://www.google.com/search?q=weather+Yang+Băc+Gia+Lai
Gia Lai,64,Đức Cơ,631,Ia Din,23866,https://www.google.com/search?q=weather+Ia+Din+Gia+Lai
Gia Lai,64,Đức Cơ,631,Ia Dơk,23860,https://www.google.com/search?q=weather+Ia+Dơk+Gia+Lai
Gia Lai,64,Đức Cơ,631,Ia Dom,23872,https://www.google.com/search?q=weather+Ia+Dom+Gia+Lai
Gia Lai,64,Đức Cơ,631,Ia Kla,23869,https://www.google.com/search?q=weather+Ia+Kla+Gia+Lai
Gia Lai,64,Đức Cơ,631,Ia Krêl,23863,https://www.google.com/search?q=weather+Ia+Krêl+Gia+Lai
Gia Lai,64,Đức Cơ,631,Ia Kriêng,23878,https://www.google.com/search?q=weather+Ia+Kriêng+Gia+Lai
Gia Lai,64,Đức Cơ,631,Ia Lang,23875,https://www.google.com/search?q=weather+Ia+Lang+Gia+Lai
Gia Lai,64,Đức Cơ,631,Ia Nan,23884,https://www.google.com/search?q=weather+Ia+Nan+Gia+Lai
Gia Lai,64,Đức Cơ,631,Ia Pnôn,23881,https://www.google.com/search?q=weather+Ia+Pnôn+Gia+Lai
Gia Lai,64,Đức Cơ,631,TT. Chư Ty,23857,https://www.google.com/search?q=weather+TT.+Chư+Ty+Gia+Lai
Gia Lai,64,Ia Grai,628,Ia Bă,23771,https://www.google.com/search?q=weather+Ia+Bă+Gia+Lai
Gia Lai,64,Ia Grai,628,Ia Chia,23788,https://www.google.com/search?q=weather+Ia+Chia+Gia+Lai
Gia Lai,64,Ia Grai,628,Ia Dêr,23785,https://www.google.com/search?q=weather+Ia+Dêr+Gia+Lai
Gia Lai,64,Ia Grai,628,Ia Grăng,23778,https://www.google.com/search?q=weather+Ia+Grăng+Gia+Lai
Gia Lai,64,Ia Grai,628,Ia Hrung,23770,https://www.google.com/search?q=weather+Ia+Hrung+Gia+Lai
Gia Lai,64,Ia Grai,628,Ia Khai,23773,https://www.google.com/search?q=weather+Ia+Khai+Gia+Lai
Gia Lai,64,Ia Grai,628,Ia Krăi,23776,https://www.google.com/search?q=weather+Ia+Krăi+Gia+Lai
Gia Lai,64,Ia Grai,628,Ia O,23782,https://www.google.com/search?q=weather+Ia+O+Gia+Lai
Gia Lai,64,Ia Grai,628,Ia Pếch,23791,https://www.google.com/search?q=weather+Ia+Pếch+Gia+Lai
Gia Lai,64,Ia Grai,628,Ia Sao,23767,https://www.google.com/search?q=weather+Ia+Sao+Gia+Lai
Gia Lai,64,Ia Grai,628,Ia Tô,23779,https://www.google.com/search?q=weather+Ia+Tô+Gia+Lai
Gia Lai,64,Ia Grai,628,Ia Yok,23768,https://www.google.com/search?q=weather+Ia+Yok+Gia+Lai
Gia Lai,64,Ia Grai,628,TT. Ia Kha,23764,https://www.google.com/search?q=weather+TT.+Ia+Kha+Gia+Lai
Gia Lai,64,Ia Pa,635,Chư Mố,24025,https://www.google.com/search?q=weather+Chư+Mố+Gia+Lai
Gia Lai,64,Ia Pa,635,Chư Răng,24016,https://www.google.com/search?q=weather+Chư+Răng+Gia+Lai
Gia Lai,64,Ia Pa,635,Ia Broăi,24034,https://www.google.com/search?q=weather+Ia+Broăi+Gia+Lai
Gia Lai,64,Ia Pa,635,Ia Kdăm,24019,https://www.google.com/search?q=weather+Ia+Kdăm+Gia+Lai
Gia Lai,64,Ia Pa,635,Ia Mrơn,24031,https://www.google.com/search?q=weather+Ia+Mrơn+Gia+Lai
Gia Lai,64,Ia Pa,635,Ia Trok,24037,https://www.google.com/search?q=weather+Ia+Trok+Gia+Lai
Gia Lai,64,Ia Pa,635,Ia Tul,24028,https://www.google.com/search?q=weather+Ia+Tul+Gia+Lai
Gia Lai,64,Ia Pa,635,Kim Tân,24022,https://www.google.com/search?q=weather+Kim+Tân+Gia+Lai
Gia Lai,64,Ia Pa,635,Pờ Tó,24013,https://www.google.com/search?q=weather+Pờ+Tó+Gia+Lai
Gia Lai,64,KBang,625,Đăk HLơ,23674,https://www.google.com/search?q=weather+Đăk+HLơ+Gia+Lai
Gia Lai,64,KBang,625,Đăk Rong,23644,https://www.google.com/search?q=weather+Đăk+Rong+Gia+Lai
Gia Lai,64,KBang,625,Đăk Smar,23660,https://www.google.com/search?q=weather+Đăk+Smar+Gia+Lai
Gia Lai,64,KBang,625,Đông,23659,https://www.google.com/search?q=weather+Đông+Gia+Lai
Gia Lai,64,KBang,625,Kông Bla,23671,https://www.google.com/search?q=weather+Kông+Bla+Gia+Lai
Gia Lai,64,KBang,625,Kông Lơng Khơng,23668,https://www.google.com/search?q=weather+Kông+Lơng+Khơng+Gia+Lai
Gia Lai,64,KBang,625,Kon Pne,23641,https://www.google.com/search?q=weather+Kon+Pne+Gia+Lai
Gia Lai,64,KBang,625,Krong,23650,https://www.google.com/search?q=weather+Krong+Gia+Lai
Gia Lai,64,KBang,625,Lơ Ku,23656,https://www.google.com/search?q=weather+Lơ+Ku+Gia+Lai
Gia Lai,64,KBang,625,Nghĩa An,23662,https://www.google.com/search?q=weather+Nghĩa+An+Gia+Lai
Gia Lai,64,KBang,625,Sơn Lang,23647,https://www.google.com/search?q=weather+Sơn+Lang+Gia+Lai
Gia Lai,64,KBang,625,Sơ Pai,23653,https://www.google.com/search?q=weather+Sơ+Pai+Gia+Lai
Gia Lai,64,KBang,625,Tơ Tung,23665,https://www.google.com/search?q=weather+Tơ+Tung+Gia+Lai
Gia Lai,64,KBang,625,TT. KBang,23638,https://www.google.com/search?q=weather+TT.+KBang+Gia+Lai
Gia Lai,64,Kông Chro,630,An Trung,23830,https://www.google.com/search?q=weather+An+Trung+Gia+Lai
Gia Lai,64,Kông Chro,630,Chơ Long,23851,https://www.google.com/search?q=weather+Chơ+Long+Gia+Lai
Gia Lai,64,Kông Chro,630,Chư Krêy,23827,https://www.google.com/search?q=weather+Chư+Krêy+Gia+Lai
Gia Lai,64,Kông Chro,630,Đăk Kơ Ning,23840,https://www.google.com/search?q=weather+Đăk+Kơ+Ning+Gia+Lai
Gia Lai,64,Kông Chro,630,Đăk PLing,23843,https://www.google.com/search?q=weather+Đăk+PLing+Gia+Lai
Gia Lai,64,Kông Chro,630,Đăk Pơ Pho,23846,https://www.google.com/search?q=weather+Đăk+Pơ+Pho+Gia+Lai
Gia Lai,64,Kông Chro,630,Đăk Song,23842,https://www.google.com/search?q=weather+Đăk+Song+Gia+Lai
Gia Lai,64,Kông Chro,630,Đăk Tơ Pang,23836,https://www.google.com/search?q=weather+Đăk+Tơ+Pang+Gia+Lai
Gia Lai,64,Kông Chro,630,Kông Yang,23833,https://www.google.com/search?q=weather+Kông+Yang+Gia+Lai
Gia Lai,64,Kông Chro,630,SRó,23839,https://www.google.com/search?q=weather+SRó+Gia+Lai
Gia Lai,64,Kông Chro,630,TT. Kông Chro,23824,https://www.google.com/search?q=weather+TT.+Kông+Chro+Gia+Lai
Gia Lai,64,Kông Chro,630,Ya ma,23848,https://www.google.com/search?q=weather+Ya+ma+Gia+Lai
Gia Lai,64,Kông Chro,630,Yang Nam,23854,https://www.google.com/search?q=weather+Yang+Nam+Gia+Lai
Gia Lai,64,Kông Chro,630,Yang Trung,23845,https://www.google.com/search?q=weather+Yang+Trung+Gia+Lai
Gia Lai,64,Krông Pa,637,Chư Drăng,24094,https://www.google.com/search?q=weather+Chư+Drăng+Gia+Lai
Gia Lai,64,Krông Pa,637,Chư Gu,24085,https://www.google.com/search?q=weather+Chư+Gu+Gia+Lai
Gia Lai,64,Krông Pa,637,Chư Ngọc,24106,https://www.google.com/search?q=weather+Chư+Ngọc+Gia+Lai
Gia Lai,64,Krông Pa,637,Chư Rcăm,24112,https://www.google.com/search?q=weather+Chư+Rcăm+Gia+Lai
Gia Lai,64,Krông Pa,637,Đất Bằng,24088,https://www.google.com/search?q=weather+Đất+Bằng+Gia+Lai
Gia Lai,64,Krông Pa,637,Ia Hdreh,24100,https://www.google.com/search?q=weather+Ia+Hdreh+Gia+Lai
Gia Lai,64,Krông Pa,637,Ia Mlah,24091,https://www.google.com/search?q=weather+Ia+Mlah+Gia+Lai
Gia Lai,64,Krông Pa,637,Ia RMok,24103,https://www.google.com/search?q=weather+Ia+RMok+Gia+Lai
Gia Lai,64,Krông Pa,637,Ia Rsai,24079,https://www.google.com/search?q=weather+Ia+Rsai+Gia+Lai
Gia Lai,64,Krông Pa,637,Ia Rsươm,24082,https://www.google.com/search?q=weather+Ia+Rsươm+Gia+Lai
Gia Lai,64,Krông Pa,637,Krông Năng,24115,https://www.google.com/search?q=weather+Krông+Năng+Gia+Lai
Gia Lai,64,Krông Pa,637,Phú Cần,24097,https://www.google.com/search?q=weather+Phú+Cần+Gia+Lai
Gia Lai,64,Krông Pa,637,TT. Phú Túc,24076,https://www.google.com/search?q=weather+TT.+Phú+Túc+Gia+Lai
Gia Lai,64,Krông Pa,637,Uar,24109,https://www.google.com/search?q=weather+Uar+Gia+Lai
Gia Lai,64,Mang Yang,629,Ayun,23797,https://www.google.com/search?q=weather+Ayun+Gia+Lai
Gia Lai,64,Mang Yang,629,Đăk Djrăng,23806,https://www.google.com/search?q=weather+Đăk+Djrăng+Gia+Lai
Gia Lai,64,Mang Yang,629,Đăk Jơ Ta,23798,https://www.google.com/search?q=weather+Đăk+Jơ+Ta+Gia+Lai
Gia Lai,64,Mang Yang,629,Đăk Ta Ley,23799,https://www.google.com/search?q=weather+Đăk+Ta+Ley+Gia+Lai
Gia Lai,64,Mang Yang,629,Đăk Trôi,23821,https://www.google.com/search?q=weather+Đăk+Trôi+Gia+Lai
Gia Lai,64,Mang Yang,629,Đăk Yă,23803,https://www.google.com/search?q=weather+Đăk+Yă+Gia+Lai
Gia Lai,64,Mang Yang,629,Đê Ar,23815,https://www.google.com/search?q=weather+Đê+Ar+Gia+Lai
Gia Lai,64,Mang Yang,629,Hra,23800,https://www.google.com/search?q=weather+Hra+Gia+Lai
Gia Lai,64,Mang Yang,629,Kon Chiêng,23818,https://www.google.com/search?q=weather+Kon+Chiêng+Gia+Lai
Gia Lai,64,Mang Yang,629,Kon Thụp,23812,https://www.google.com/search?q=weather+Kon+Thụp+Gia+Lai
Gia Lai,64,Mang Yang,629,Lơ Pang,23809,https://www.google.com/search?q=weather+Lơ+Pang+Gia+Lai
Gia Lai,64,Mang Yang,629,TT. Kon Dơng,23794,https://www.google.com/search?q=weather+TT.+Kon+Dơng+Gia+Lai
Gia Lai,64,Phú Thiện,638,Ayun Hạ,24048,https://www.google.com/search?q=weather+Ayun+Hạ+Gia+Lai
Gia Lai,64,Phú Thiện,638,Chrôh Pơnan,24060,https://www.google.com/search?q=weather+Chrôh+Pơnan+Gia+Lai
Gia Lai,64,Phú Thiện,638,Chư A Thai,24046,https://www.google.com/search?q=weather+Chư+A+Thai+Gia+Lai
Gia Lai,64,Phú Thiện,638,Ia Ake,24049,https://www.google.com/search?q=weather+Ia+Ake+Gia+Lai
Gia Lai,64,Phú Thiện,638,Ia Hiao,24061,https://www.google.com/search?q=weather+Ia+Hiao+Gia+Lai
Gia Lai,64,Phú Thiện,638,Ia Peng,24058,https://www.google.com/search?q=weather+Ia+Peng+Gia+Lai
Gia Lai,64,Phú Thiện,638,Ia Piar,24055,https://www.google.com/search?q=weather+Ia+Piar+Gia+Lai
Gia Lai,64,Phú Thiện,638,Ia Sol,24052,https://www.google.com/search?q=weather+Ia+Sol+Gia+Lai
Gia Lai,64,Phú Thiện,638,Ia Yeng,24067,https://www.google.com/search?q=weather+Ia+Yeng+Gia+Lai
Gia Lai,64,Phú Thiện,638,TT. Phú Thiện,24043,https://www.google.com/search?q=weather+TT.+Phú+Thiện+Gia+Lai
Gia Lai,64,Plei Ku,622,Biển Hồ,23590,https://www.google.com/search?q=weather+Biển+Hồ+Gia+Lai
Gia Lai,64,Plei Ku,622,Chư á,23599,https://www.google.com/search?q=weather+Chư+á+Gia+Lai
Gia Lai,64,Plei Ku,622,Chư Hdrông,23587,https://www.google.com/search?q=weather+Chư+Hdrông+Gia+Lai
Gia Lai,64,Plei Ku,622,Diên Phú,23605,https://www.google.com/search?q=weather+Diên+Phú+Gia+Lai
Gia Lai,64,Plei Ku,622,Gào,23611,https://www.google.com/search?q=weather+Gào+Gia+Lai
Gia Lai,64,Plei Ku,622,Ia Kênh,23608,https://www.google.com/search?q=weather+Ia+Kênh+Gia+Lai
Gia Lai,64,Plei Ku,622,P. An Phú,23602,https://www.google.com/search?q=weather+P.+An+Phú+Gia+Lai
Gia Lai,64,Plei Ku,622,P. Chi Lăng,23586,https://www.google.com/search?q=weather+P.+Chi+Lăng+Gia+Lai
Gia Lai,64,Plei Ku,622,P. Diên Hồng,23560,https://www.google.com/search?q=weather+P.+Diên+Hồng+Gia+Lai
Gia Lai,64,Plei Ku,622,P. Đống Đa,23579,https://www.google.com/search?q=weather+P.+Đống+Đa+Gia+Lai
Gia Lai,64,Plei Ku,622,P. Hoa Lư,23572,https://www.google.com/search?q=weather+P.+Hoa+Lư+Gia+Lai
Gia Lai,64,Plei Ku,622,P. Hội Phú,23569,https://www.google.com/search?q=weather+P.+Hội+Phú+Gia+Lai
Gia Lai,64,Plei Ku,622,P. Hội Thương,23566,https://www.google.com/search?q=weather+P.+Hội+Thương+Gia+Lai
Gia Lai,64,Plei Ku,622,P. Ia Kring,23563,https://www.google.com/search?q=weather+P.+Ia+Kring+Gia+Lai
Gia Lai,64,Plei Ku,622,P. Phù Đổng,23570,https://www.google.com/search?q=weather+P.+Phù+Đổng+Gia+Lai
Gia Lai,64,Plei Ku,622,P. Tây Sơn,23575,https://www.google.com/search?q=weather+P.+Tây+Sơn+Gia+Lai
Gia Lai,64,Plei Ku,622,P. Thắng Lợi,23582,https://www.google.com/search?q=weather+P.+Thắng+Lợi+Gia+Lai
Gia Lai,64,Plei Ku,622,P. Thống Nhất,23578,https://www.google.com/search?q=weather+P.+Thống+Nhất+Gia+Lai
Gia Lai,64,Plei Ku,622,P. Trà Bá,23581,https://www.google.com/search?q=weather+P.+Trà+Bá+Gia+Lai
Gia Lai,64,Plei Ku,622,P. Yên Đỗ,23557,https://www.google.com/search?q=weather+P.+Yên+Đỗ+Gia+Lai
Gia Lai,64,Plei Ku,622,P. Yên Thế,23584,https://www.google.com/search?q=weather+P.+Yên+Thế+Gia+Lai
Gia Lai,64,Plei Ku,622,Tân Sơn,23593,https://www.google.com/search?q=weather+Tân+Sơn+Gia+Lai
Gia Lai,64,Plei Ku,622,Trà Đa,23596,https://www.google.com/search?q=weather+Trà+Đa+Gia+Lai
Gia Lai,64,TX. An Khê,623,Cửu An,23629,https://www.google.com/search?q=weather+Cửu+An+Gia+Lai
Gia Lai,64,TX. An Khê,623,P. An Bình,23614,https://www.google.com/search?q=weather+P.+An+Bình+Gia+Lai
Gia Lai,64,TX. An Khê,623,P. An Phú,23620,https://www.google.com/search?q=weather+P.+An+Phú+Gia+Lai
Gia Lai,64,TX. An Khê,623,P. An Phước,23630,https://www.google.com/search?q=weather+P.+An+Phước+Gia+Lai
Gia Lai,64,TX. An Khê,623,P. An Tân,23623,https://www.google.com/search?q=weather+P.+An+Tân+Gia+Lai
Gia Lai,64,TX. An Khê,623,P. Ngô Mây,23633,https://www.google.com/search?q=weather+P.+Ngô+Mây+Gia+Lai
Gia Lai,64,TX. An Khê,623,P. Tây Sơn,23617,https://www.google.com/search?q=weather+P.+Tây+Sơn+Gia+Lai
Gia Lai,64,TX. An Khê,623,Song An,23632,https://www.google.com/search?q=weather+Song+An+Gia+Lai
Gia Lai,64,TX. An Khê,623,Thành An,23635,https://www.google.com/search?q=weather+Thành+An+Gia+Lai
Gia Lai,64,TX. An Khê,623,Tú An,23626,https://www.google.com/search?q=weather+Tú+An+Gia+Lai
Gia Lai,64,TX. An Khê,623,Xuân An,23627,https://www.google.com/search?q=weather+Xuân+An+Gia+Lai
Gia Lai,64,TX. AYun Pa,624,Chư Băh,24065,https://www.google.com/search?q=weather+Chư+Băh+Gia+Lai
Gia Lai,64,TX. AYun Pa,624,Ia RBol,24064,https://www.google.com/search?q=weather+Ia+RBol+Gia+Lai
Gia Lai,64,TX. AYun Pa,624,Ia Rtô,24070,https://www.google.com/search?q=weather+Ia+Rtô+Gia+Lai
Gia Lai,64,TX. AYun Pa,624,Ia Sao,24073,https://www.google.com/search?q=weather+Ia+Sao+Gia+Lai
Gia Lai,64,TX. AYun Pa,624,P. Cheo Reo,24041,https://www.google.com/search?q=weather+P.+Cheo+Reo+Gia+Lai
Gia Lai,64,TX. AYun Pa,624,P. Đoàn Kết,24044,https://www.google.com/search?q=weather+P.+Đoàn+Kết+Gia+Lai
Gia Lai,64,TX. AYun Pa,624,P. Hoà Bình,24042,https://www.google.com/search?q=weather+P.+Hoà+Bình+Gia+Lai
Gia Lai,64,TX. AYun Pa,624,P. Sông Bờ,24045,https://www.google.com/search?q=weather+P.+Sông+Bờ+Gia+Lai
Kon Tum,62,Đắk Glei,610,Đắk Choong,23356,https://www.google.com/search?q=weather+Đắk+Choong+Kon+Tum
Kon Tum,62,Đắk Glei,610,Đắk Kroong,23371,https://www.google.com/search?q=weather+Đắk+Kroong+Kon+Tum
Kon Tum,62,Đắk Glei,610,Đắk Long,23368,https://www.google.com/search?q=weather+Đắk+Long+Kon+Tum
Kon Tum,62,Đắk Glei,610,Đắk Man,23347,https://www.google.com/search?q=weather+Đắk+Man+Kon+Tum
Kon Tum,62,Đắk Glei,610,Đắk Môn,23374,https://www.google.com/search?q=weather+Đắk+Môn+Kon+Tum
Kon Tum,62,Đắk Glei,610,Đắk Nhoong,23350,https://www.google.com/search?q=weather+Đắk+Nhoong+Kon+Tum
Kon Tum,62,Đắk Glei,610,Đắk Pék,23353,https://www.google.com/search?q=weather+Đắk+Pék+Kon+Tum
Kon Tum,62,Đắk Glei,610,Đắk Plô,23344,https://www.google.com/search?q=weather+Đắk+Plô+Kon+Tum
Kon Tum,62,Đắk Glei,610,Mường Hoong,23362,https://www.google.com/search?q=weather+Mường+Hoong+Kon+Tum
Kon Tum,62,Đắk Glei,610,Ngọc Linh,23365,https://www.google.com/search?q=weather+Ngọc+Linh+Kon+Tum
Kon Tum,62,Đắk Glei,610,TT. Đắk Glei,23341,https://www.google.com/search?q=weather+TT.+Đắk+Glei+Kon+Tum
Kon Tum,62,Đắk Glei,610,Xốp,23359,https://www.google.com/search?q=weather+Xốp+Kon+Tum
Kon Tum,62,Đắk Hà,615,Đắk Hring,23506,https://www.google.com/search?q=weather+Đắk+Hring+Kon+Tum
Kon Tum,62,Đắk Hà,615,Đắk La,23524,https://www.google.com/search?q=weather+Đắk+La+Kon+Tum
Kon Tum,62,Đắk Hà,615,Đắk Long,23504,https://www.google.com/search?q=weather+Đắk+Long+Kon+Tum
Kon Tum,62,Đắk Hà,615,Đắk Mar,23512,https://www.google.com/search?q=weather+Đắk+Mar+Kon+Tum
Kon Tum,62,Đắk Hà,615,Đắk Ngọk,23510,https://www.google.com/search?q=weather+Đắk+Ngọk+Kon+Tum
Kon Tum,62,Đắk Hà,615,Đắk Pxi,23503,https://www.google.com/search?q=weather+Đắk+Pxi+Kon+Tum
Kon Tum,62,Đắk Hà,615,Đắk Ui,23509,https://www.google.com/search?q=weather+Đắk+Ui+Kon+Tum
Kon Tum,62,Đắk Hà,615,Hà Mòn,23521,https://www.google.com/search?q=weather+Hà+Mòn+Kon+Tum
Kon Tum,62,Đắk Hà,615,Ngọk Réo,23518,https://www.google.com/search?q=weather+Ngọk+Réo+Kon+Tum
Kon Tum,62,Đắk Hà,615,Ngọk Wang,23515,https://www.google.com/search?q=weather+Ngọk+Wang+Kon+Tum
Kon Tum,62,Đắk Hà,615,TT. Đắk Hà,23500,https://www.google.com/search?q=weather+TT.+Đắk+Hà+Kon+Tum
Kon Tum,62,Đắk Tô,612,Đắk Rơ Nga,23427,https://www.google.com/search?q=weather+Đắk+Rơ+Nga+Kon+Tum
Kon Tum,62,Đắk Tô,612,Đắk Trăm,23430,https://www.google.com/search?q=weather+Đắk+Trăm+Kon+Tum
Kon Tum,62,Đắk Tô,612,Diên Bình,23440,https://www.google.com/search?q=weather+Diên+Bình+Kon+Tum
Kon Tum,62,Đắk Tô,612,Kon Đào,23434,https://www.google.com/search?q=weather+Kon+Đào+Kon+Tum
Kon Tum,62,Đắk Tô,612,Ngọk Tụ,23428,https://www.google.com/search?q=weather+Ngọk+Tụ+Kon+Tum
Kon Tum,62,Đắk Tô,612,Pô Cô,23443,https://www.google.com/search?q=weather+Pô+Cô+Kon+Tum
Kon Tum,62,Đắk Tô,612,Tân Cảnh,23437,https://www.google.com/search?q=weather+Tân+Cảnh+Kon+Tum
Kon Tum,62,Đắk Tô,612,TT. Đắk Tô,23401,https://www.google.com/search?q=weather+TT.+Đắk+Tô+Kon+Tum
Kon Tum,62,Đắk Tô,612,Văn Lem,23431,https://www.google.com/search?q=weather+Văn+Lem+Kon+Tum
Kon Tum,62,Ia H' Drai,618,Ia Dal,23535,https://www.google.com/search?q=weather+Ia+Dal+Kon+Tum
Kon Tum,62,Ia H' Drai,618,Ia Dom,23537,https://www.google.com/search?q=weather+Ia+Dom+Kon+Tum
Kon Tum,62,Ia H' Drai,618,Ia Tơi,23538,https://www.google.com/search?q=weather+Ia+Tơi+Kon+Tum
Kon Tum,62,Kon Plông,613,Đắk Long,23473,https://www.google.com/search?q=weather+Đắk+Long+Kon+Tum
Kon Tum,62,Kon Plông,613,Đắk Nên,23452,https://www.google.com/search?q=weather+Đắk+Nên+Kon+Tum
Kon Tum,62,Kon Plông,613,Đắk Ring,23455,https://www.google.com/search?q=weather+Đắk+Ring+Kon+Tum
Kon Tum,62,Kon Plông,613,Đắk Tăng,23461,https://www.google.com/search?q=weather+Đắk+Tăng+Kon+Tum
Kon Tum,62,Kon Plông,613,Hiếu,23476,https://www.google.com/search?q=weather+Hiếu+Kon+Tum
Kon Tum,62,Kon Plông,613,Măng Buk,23458,https://www.google.com/search?q=weather+Măng+Buk+Kon+Tum
Kon Tum,62,Kon Plông,613,Măng Cành,23470,https://www.google.com/search?q=weather+Măng+Cành+Kon+Tum
Kon Tum,62,Kon Plông,613,Ngok Tem,23464,https://www.google.com/search?q=weather+Ngok+Tem+Kon+Tum
Kon Tum,62,Kon Plông,613,Pờ Ê,23467,https://www.google.com/search?q=weather+Pờ+Ê+Kon+Tum
Kon Tum,62,Kon Rẫy,614,Đắk Kôi,23482,https://www.google.com/search?q=weather+Đắk+Kôi+Kon+Tum
Kon Tum,62,Kon Rẫy,614,Đắk Pne,23491,https://www.google.com/search?q=weather+Đắk+Pne+Kon+Tum
Kon Tum,62,Kon Rẫy,614,Đắk Ruồng,23488,https://www.google.com/search?q=weather+Đắk+Ruồng+Kon+Tum
Kon Tum,62,Kon Rẫy,614,Đắk Tơ Lung,23485,https://www.google.com/search?q=weather+Đắk+Tơ+Lung+Kon+Tum
Kon Tum,62,Kon Rẫy,614,Đắk Tơ Re,23494,https://www.google.com/search?q=weather+Đắk+Tơ+Re+Kon+Tum
Kon Tum,62,Kon Rẫy,614,Tân Lập,23497,https://www.google.com/search?q=weather+Tân+Lập+Kon+Tum
Kon Tum,62,Kon Rẫy,614,TT. Đắk Rve,23479,https://www.google.com/search?q=weather+TT.+Đắk+Rve+Kon+Tum
Kon Tum,62,Kon Tum,608,Chư H'reng,23332,https://www.google.com/search?q=weather+Chư+H'reng+Kon+Tum
Kon Tum,62,Kon Tum,608,Đắk Blà,23323,https://www.google.com/search?q=weather+Đắk+Blà+Kon+Tum
Kon Tum,62,Kon Tum,608,Đắk Cấm,23311,https://www.google.com/search?q=weather+Đắk+Cấm+Kon+Tum
Kon Tum,62,Kon Tum,608,Đắk Năng,23327,https://www.google.com/search?q=weather+Đắk+Năng+Kon+Tum
Kon Tum,62,Kon Tum,608,Đắk Rơ Wa,23335,https://www.google.com/search?q=weather+Đắk+Rơ+Wa+Kon+Tum
Kon Tum,62,Kon Tum,608,Đoàn Kết,23329,https://www.google.com/search?q=weather+Đoàn+Kết+Kon+Tum
Kon Tum,62,Kon Tum,608,Hòa Bình,23338,https://www.google.com/search?q=weather+Hòa+Bình+Kon+Tum
Kon Tum,62,Kon Tum,608,Ia Chim,23326,https://www.google.com/search?q=weather+Ia+Chim+Kon+Tum
Kon Tum,62,Kon Tum,608,Kroong,23314,https://www.google.com/search?q=weather+Kroong+Kon+Tum
Kon Tum,62,Kon Tum,608,Ngọk Bay,23317,https://www.google.com/search?q=weather+Ngọk+Bay+Kon+Tum
Kon Tum,62,Kon Tum,608,P. Duy Tân,23284,https://www.google.com/search?q=weather+P.+Duy+Tân+Kon+Tum
Kon Tum,62,Kon Tum,608,P. Lê Lợi,23302,https://www.google.com/search?q=weather+P.+Lê+Lợi+Kon+Tum
Kon Tum,62,Kon Tum,608,P. Ngô Mây,23296,https://www.google.com/search?q=weather+P.+Ngô+Mây+Kon+Tum
Kon Tum,62,Kon Tum,608,P. Nguyễn Trãi,23305,https://www.google.com/search?q=weather+P.+Nguyễn+Trãi+Kon+Tum
Kon Tum,62,Kon Tum,608,P. Quang Trung,23281,https://www.google.com/search?q=weather+P.+Quang+Trung+Kon+Tum
Kon Tum,62,Kon Tum,608,P. Quyết Thắng,23287,https://www.google.com/search?q=weather+P.+Quyết+Thắng+Kon+Tum
Kon Tum,62,Kon Tum,608,P. Thắng Lợi,23293,https://www.google.com/search?q=weather+P.+Thắng+Lợi+Kon+Tum
Kon Tum,62,Kon Tum,608,P. Thống Nhất,23299,https://www.google.com/search?q=weather+P.+Thống+Nhất+Kon+Tum
Kon Tum,62,Kon Tum,608,P. Trần Hưng Đạo,23308,https://www.google.com/search?q=weather+P.+Trần+Hưng+Đạo+Kon+Tum
Kon Tum,62,Kon Tum,608,P. Trường Chinh,23290,https://www.google.com/search?q=weather+P.+Trường+Chinh+Kon+Tum
Kon Tum,62,Kon Tum,608,Vinh Quang,23320,https://www.google.com/search?q=weather+Vinh+Quang+Kon+Tum
Kon Tum,62,Ngọc Hồi,611,Đắk Ang,23380,https://www.google.com/search?q=weather+Đắk+Ang+Kon+Tum
Kon Tum,62,Ngọc Hồi,611,Đắk Dục,23383,https://www.google.com/search?q=weather+Đắk+Dục+Kon+Tum
Kon Tum,62,Ngọc Hồi,611,Đắk Kan,23392,https://www.google.com/search?q=weather+Đắk+Kan+Kon+Tum
Kon Tum,62,Ngọc Hồi,611,Đắk Nông,23386,https://www.google.com/search?q=weather+Đắk+Nông+Kon+Tum
Kon Tum,62,Ngọc Hồi,611,Đắk Xú,23389,https://www.google.com/search?q=weather+Đắk+Xú+Kon+Tum
Kon Tum,62,Ngọc Hồi,611,Pờ Y,23395,https://www.google.com/search?q=weather+Pờ+Y+Kon+Tum
Kon Tum,62,Ngọc Hồi,611,Sa Loong,23398,https://www.google.com/search?q=weather+Sa+Loong+Kon+Tum
Kon Tum,62,Ngọc Hồi,611,TT. Plei Cần,23377,https://www.google.com/search?q=weather+TT.+Plei+Cần+Kon+Tum
Kon Tum,62,Sa Thầy,616,Hơ Moong,23534,https://www.google.com/search?q=weather+Hơ+Moong+Kon+Tum
Kon Tum,62,Sa Thầy,616,Mô Rai,23536,https://www.google.com/search?q=weather+Mô+Rai+Kon+Tum
Kon Tum,62,Sa Thầy,616,Rờ Kơi,23530,https://www.google.com/search?q=weather+Rờ+Kơi+Kon+Tum
Kon Tum,62,Sa Thầy,616,Sa Bình,23545,https://www.google.com/search?q=weather+Sa+Bình+Kon+Tum
Kon Tum,62,Sa Thầy,616,Sa Nghĩa,23542,https://www.google.com/search?q=weather+Sa+Nghĩa+Kon+Tum
Kon Tum,62,Sa Thầy,616,Sa Nhơn,23533,https://www.google.com/search?q=weather+Sa+Nhơn+Kon+Tum
Kon Tum,62,Sa Thầy,616,Sa Sơn,23539,https://www.google.com/search?q=weather+Sa+Sơn+Kon+Tum
Kon Tum,62,Sa Thầy,616,TT. Sa Thầy,23527,https://www.google.com/search?q=weather+TT.+Sa+Thầy+Kon+Tum
Kon Tum,62,Sa Thầy,616,Ya Ly,23554,https://www.google.com/search?q=weather+Ya+Ly+Kon+Tum
Kon Tum,62,Sa Thầy,616,Ya Tăng,23551,https://www.google.com/search?q=weather+Ya+Tăng+Kon+Tum
Kon Tum,62,Sa Thầy,616,Ya Xiêr,23548,https://www.google.com/search?q=weather+Ya+Xiêr+Kon+Tum
Kon Tum,62,Tu Mơ Rông,617,Đắk Hà,23425,https://www.google.com/search?q=weather+Đắk+Hà+Kon+Tum
Kon Tum,62,Tu Mơ Rông,617,Đắk Na,23407,https://www.google.com/search?q=weather+Đắk+Na+Kon+Tum
Kon Tum,62,Tu Mơ Rông,617,Đắk Rơ Ông,23417,https://www.google.com/search?q=weather+Đắk+Rơ+Ông+Kon+Tum
Kon Tum,62,Tu Mơ Rông,617,Đắk Sao,23416,https://www.google.com/search?q=weather+Đắk+Sao+Kon+Tum
Kon Tum,62,Tu Mơ Rông,617,Đắk Tơ Kan,23419,https://www.google.com/search?q=weather+Đắk+Tơ+Kan+Kon+Tum
Kon Tum,62,Tu Mơ Rông,617,Măng Ri,23410,https://www.google.com/search?q=weather+Măng+Ri+Kon+Tum
Kon Tum,62,Tu Mơ Rông,617,Ngọk Lây,23404,https://www.google.com/search?q=weather+Ngọk+Lây+Kon+Tum
Kon Tum,62,Tu Mơ Rông,617,Ngọk Yêu,23413,https://www.google.com/search?q=weather+Ngọk+Yêu+Kon+Tum
Kon Tum,62,Tu Mơ Rông,617,Tê Xăng,23446,https://www.google.com/search?q=weather+Tê+Xăng+Kon+Tum
Kon Tum,62,Tu Mơ Rông,617,Tu Mơ Rông,23422,https://www.google.com/search?q=weather+Tu+Mơ+Rông+Kon+Tum
Kon Tum,62,Tu Mơ Rông,617,Văn Xuôi,23449,https://www.google.com/search?q=weather+Văn+Xuôi+Kon+Tum
Lâm Đồng,68,Bảo Lâm,680,B' Lá,25069,https://www.google.com/search?q=weather+B'+Lá+Lâm+Đồng
Lâm Đồng,68,Bảo Lâm,680,Lộc An,25084,https://www.google.com/search?q=weather+Lộc+An+Lâm+Đồng
Lâm Đồng,68,Bảo Lâm,680,Lộc Bắc,25066,https://www.google.com/search?q=weather+Lộc+Bắc+Lâm+Đồng
Lâm Đồng,68,Bảo Lâm,680,Lộc Bảo,25057,https://www.google.com/search?q=weather+Lộc+Bảo+Lâm+Đồng
Lâm Đồng,68,Bảo Lâm,680,Lộc Đức,25081,https://www.google.com/search?q=weather+Lộc+Đức+Lâm+Đồng
Lâm Đồng,68,Bảo Lâm,680,Lộc Lâm,25060,https://www.google.com/search?q=weather+Lộc+Lâm+Lâm+Đồng
Lâm Đồng,68,Bảo Lâm,680,Lộc Nam,25093,https://www.google.com/search?q=weather+Lộc+Nam+Lâm+Đồng
Lâm Đồng,68,Bảo Lâm,680,Lộc Ngãi,25072,https://www.google.com/search?q=weather+Lộc+Ngãi+Lâm+Đồng
Lâm Đồng,68,Bảo Lâm,680,Lộc Phú,25063,https://www.google.com/search?q=weather+Lộc+Phú+Lâm+Đồng
Lâm Đồng,68,Bảo Lâm,680,Lộc Quảng,25075,https://www.google.com/search?q=weather+Lộc+Quảng+Lâm+Đồng
Lâm Đồng,68,Bảo Lâm,680,Lộc Tân,25078,https://www.google.com/search?q=weather+Lộc+Tân+Lâm+Đồng
Lâm Đồng,68,Bảo Lâm,680,Lộc Thanh,25090,https://www.google.com/search?q=weather+Lộc+Thanh+Lâm+Đồng
Lâm Đồng,68,Bảo Lâm,680,Tân Lạc,25087,https://www.google.com/search?q=weather+Tân+Lạc+Lâm+Đồng
Lâm Đồng,68,Bảo Lâm,680,TT. Lộc Thắng,25054,https://www.google.com/search?q=weather+TT.+Lộc+Thắng+Lâm+Đồng
Lâm Đồng,68,Bảo Lộc,673,Đại Lào,24844,https://www.google.com/search?q=weather+Đại+Lào+Lâm+Đồng
Lâm Đồng,68,Bảo Lộc,673,Đạm Bri,24832,https://www.google.com/search?q=weather+Đạm+Bri+Lâm+Đồng
Lâm Đồng,68,Bảo Lộc,673,Lộc Châu,24841,https://www.google.com/search?q=weather+Lộc+Châu+Lâm+Đồng
Lâm Đồng,68,Bảo Lộc,673,Lộc Nga,24838,https://www.google.com/search?q=weather+Lộc+Nga+Lâm+Đồng
Lâm Đồng,68,Bảo Lộc,673,Lộc Thanh,24835,https://www.google.com/search?q=weather+Lộc+Thanh+Lâm+Đồng
Lâm Đồng,68,Bảo Lộc,673,P. 1,24823,https://www.google.com/search?q=weather+P.+1+Lâm+Đồng
Lâm Đồng,68,Bảo Lộc,673,P. 2,24820,https://www.google.com/search?q=weather+P.+2+Lâm+Đồng
Lâm Đồng,68,Bảo Lộc,673,P. B'lao,24826,https://www.google.com/search?q=weather+P.+B'lao+Lâm+Đồng
Lâm Đồng,68,Bảo Lộc,673,P. Lộc Phát,24814,https://www.google.com/search?q=weather+P.+Lộc+Phát+Lâm+Đồng
Lâm Đồng,68,Bảo Lộc,673,P. Lộc Sơn,24829,https://www.google.com/search?q=weather+P.+Lộc+Sơn+Lâm+Đồng
Lâm Đồng,68,Bảo Lộc,673,P. Lộc Tiến,24817,https://www.google.com/search?q=weather+P.+Lộc+Tiến+Lâm+Đồng
Lâm Đồng,68,Cát Tiên,683,Đồng Nai Thượng,25192,https://www.google.com/search?q=weather+Đồng+Nai+Thượng+Lâm+Đồng
Lâm Đồng,68,Cát Tiên,683,Đức Phổ,25183,https://www.google.com/search?q=weather+Đức+Phổ+Lâm+Đồng
Lâm Đồng,68,Cát Tiên,683,Gia Viễn,25168,https://www.google.com/search?q=weather+Gia+Viễn+Lâm+Đồng
Lâm Đồng,68,Cát Tiên,683,Mỹ Lâm,25174,https://www.google.com/search?q=weather+Mỹ+Lâm+Lâm+Đồng
Lâm Đồng,68,Cát Tiên,683,Nam Ninh,25171,https://www.google.com/search?q=weather+Nam+Ninh+Lâm+Đồng
Lâm Đồng,68,Cát Tiên,683,Phước Cát 1,25180,https://www.google.com/search?q=weather+Phước+Cát+1+Lâm+Đồng
Lâm Đồng,68,Cát Tiên,683,Phước Cát 2,25165,https://www.google.com/search?q=weather+Phước+Cát+2+Lâm+Đồng
Lâm Đồng,68,Cát Tiên,683,Quảng Ngãi,25189,https://www.google.com/search?q=weather+Quảng+Ngãi+Lâm+Đồng
Lâm Đồng,68,Cát Tiên,683,Tiên Hoàng,25162,https://www.google.com/search?q=weather+Tiên+Hoàng+Lâm+Đồng
Lâm Đồng,68,Cát Tiên,683,TT. Cát Tiên,25159,https://www.google.com/search?q=weather+TT.+Cát+Tiên+Lâm+Đồng
Lâm Đồng,68,Cát Tiên,683,Tư Nghĩa,25177,https://www.google.com/search?q=weather+Tư+Nghĩa+Lâm+Đồng
Lâm Đồng,68,Đạ Huoai,681,Đạ M'ri,25102,https://www.google.com/search?q=weather+Đạ+M'ri+Lâm+Đồng
Lâm Đồng,68,Đạ Huoai,681,Đạ Oai,25111,https://www.google.com/search?q=weather+Đạ+Oai+Lâm+Đồng
Lâm Đồng,68,Đạ Huoai,681,Đạ Ploa,25114,https://www.google.com/search?q=weather+Đạ+Ploa+Lâm+Đồng
Lâm Đồng,68,Đạ Huoai,681,Đạ Tồn,25108,https://www.google.com/search?q=weather+Đạ+Tồn+Lâm+Đồng
Lâm Đồng,68,Đạ Huoai,681,Đoàn Kết,25120,https://www.google.com/search?q=weather+Đoàn+Kết+Lâm+Đồng
Lâm Đồng,68,Đạ Huoai,681,Hà Lâm,25105,https://www.google.com/search?q=weather+Hà+Lâm+Lâm+Đồng
Lâm Đồng,68,Đạ Huoai,681,Ma Đa Guôi,25117,https://www.google.com/search?q=weather+Ma+Đa+Guôi+Lâm+Đồng
Lâm Đồng,68,Đạ Huoai,681,Phước Lộc,25123,https://www.google.com/search?q=weather+Phước+Lộc+Lâm+Đồng
Lâm Đồng,68,Đạ Huoai,681,TT. Đạ M'ri,25096,https://www.google.com/search?q=weather+TT.+Đạ+M'ri+Lâm+Đồng
Lâm Đồng,68,Đạ Huoai,681,TT. Ma Đa Guôi,25099,https://www.google.com/search?q=weather+TT.+Ma+Đa+Guôi+Lâm+Đồng
Lâm Đồng,68,Đà Lạt,672,P. 1,24784,https://www.google.com/search?q=weather+P.+1+Lâm+Đồng
Lâm Đồng,68,Đà Lạt,672,P. 10,24796,https://www.google.com/search?q=weather+P.+10+Lâm+Đồng
Lâm Đồng,68,Đà Lạt,672,P. 11,24799,https://www.google.com/search?q=weather+P.+11+Lâm+Đồng
Lâm Đồng,68,Đà Lạt,672,P. 12,24775,https://www.google.com/search?q=weather+P.+12+Lâm+Đồng
Lâm Đồng,68,Đà Lạt,672,P. 2,24781,https://www.google.com/search?q=weather+P.+2+Lâm+Đồng
Lâm Đồng,68,Đà Lạt,672,P. 3,24802,https://www.google.com/search?q=weather+P.+3+Lâm+Đồng
Lâm Đồng,68,Đà Lạt,672,P. 4,24793,https://www.google.com/search?q=weather+P.+4+Lâm+Đồng
Lâm Đồng,68,Đà Lạt,672,P. 5,24790,https://www.google.com/search?q=weather+P.+5+Lâm+Đồng
Lâm Đồng,68,Đà Lạt,672,P. 6,24787,https://www.google.com/search?q=weather+P.+6+Lâm+Đồng
Lâm Đồng,68,Đà Lạt,672,P. 7,24769,https://www.google.com/search?q=weather+P.+7+Lâm+Đồng
Lâm Đồng,68,Đà Lạt,672,P. 8,24772,https://www.google.com/search?q=weather+P.+8+Lâm+Đồng
Lâm Đồng,68,Đà Lạt,672,P. 9,24778,https://www.google.com/search?q=weather+P.+9+Lâm+Đồng
Lâm Đồng,68,Đà Lạt,672,Tà Nung,24808,https://www.google.com/search?q=weather+Tà+Nung+Lâm+Đồng
Lâm Đồng,68,Đà Lạt,672,Trạm Hành,24810,https://www.google.com/search?q=weather+Trạm+Hành+Lâm+Đồng
Lâm Đồng,68,Đà Lạt,672,Xuân Thọ,24805,https://www.google.com/search?q=weather+Xuân+Thọ+Lâm+Đồng
Lâm Đồng,68,Đà Lạt,672,Xuân Trường,24811,https://www.google.com/search?q=weather+Xuân+Trường+Lâm+Đồng
Lâm Đồng,68,Đam Rông,674,Đạ KNàng,24889,https://www.google.com/search?q=weather+Đạ+KNàng+Lâm+Đồng
Lâm Đồng,68,Đam Rông,674,Đạ Long,24856,https://www.google.com/search?q=weather+Đạ+Long+Lâm+Đồng
Lâm Đồng,68,Đam Rông,674,Đa M'Rong,24859,https://www.google.com/search?q=weather+Đa+M'Rong+Lâm+Đồng
Lâm Đồng,68,Đam Rông,674,Đạ R'Sal,24875,https://www.google.com/search?q=weather+Đạ+R'Sal+Lâm+Đồng
Lâm Đồng,68,Đam Rông,674,Đạ Tông,24853,https://www.google.com/search?q=weather+Đạ+Tông+Lâm+Đồng
Lâm Đồng,68,Đam Rông,674,Liêng S'Roin,24874,https://www.google.com/search?q=weather+Liêng+S'Roin+Lâm+Đồng
Lâm Đồng,68,Đam Rông,674,Phi Liêng,24886,https://www.google.com/search?q=weather+Phi+Liêng+Lâm+Đồng
Lâm Đồng,68,Đam Rông,674,Rô Men,24877,https://www.google.com/search?q=weather+Rô+Men+Lâm+Đồng
Lâm Đồng,68,Đạ Tẻh,682,An Nhơn,25129,https://www.google.com/search?q=weather+An+Nhơn+Lâm+Đồng
Lâm Đồng,68,Đạ Tẻh,682,Đạ Kho,25153,https://www.google.com/search?q=weather+Đạ+Kho+Lâm+Đồng
Lâm Đồng,68,Đạ Tẻh,682,Đạ Lây,25141,https://www.google.com/search?q=weather+Đạ+Lây+Lâm+Đồng
Lâm Đồng,68,Đạ Tẻh,682,Đạ Pal,25156,https://www.google.com/search?q=weather+Đạ+Pal+Lâm+Đồng
Lâm Đồng,68,Đạ Tẻh,682,Hà Đông,25150,https://www.google.com/search?q=weather+Hà+Đông+Lâm+Đồng
Lâm Đồng,68,Đạ Tẻh,682,Hương Lâm,25144,https://www.google.com/search?q=weather+Hương+Lâm+Lâm+Đồng
Lâm Đồng,68,Đạ Tẻh,682,Mỹ Đức,25135,https://www.google.com/search?q=weather+Mỹ+Đức+Lâm+Đồng
Lâm Đồng,68,Đạ Tẻh,682,Quảng Trị,25138,https://www.google.com/search?q=weather+Quảng+Trị+Lâm+Đồng
Lâm Đồng,68,Đạ Tẻh,682,Quốc Oai,25132,https://www.google.com/search?q=weather+Quốc+Oai+Lâm+Đồng
Lâm Đồng,68,Đạ Tẻh,682,Triệu Hải,25147,https://www.google.com/search?q=weather+Triệu+Hải+Lâm+Đồng
Lâm Đồng,68,Đạ Tẻh,682,TT. Đạ Tẻh,25126,https://www.google.com/search?q=weather+TT.+Đạ+Tẻh+Lâm+Đồng
Lâm Đồng,68,Di Linh,679,Bảo Thuận,25033,https://www.google.com/search?q=weather+Bảo+Thuận+Lâm+Đồng
Lâm Đồng,68,Di Linh,679,Đinh Lạc,25018,https://www.google.com/search?q=weather+Đinh+Lạc+Lâm+Đồng
Lâm Đồng,68,Di Linh,679,Đinh Trang Hòa,25024,https://www.google.com/search?q=weather+Đinh+Trang+Hòa+Lâm+Đồng
Lâm Đồng,68,Di Linh,679,Đinh Trang Thượng,25003,https://www.google.com/search?q=weather+Đinh+Trang+Thượng+Lâm+Đồng
Lâm Đồng,68,Di Linh,679,Gia Bắc,25051,https://www.google.com/search?q=weather+Gia+Bắc+Lâm+Đồng
Lâm Đồng,68,Di Linh,679,Gia Hiệp,25015,https://www.google.com/search?q=weather+Gia+Hiệp+Lâm+Đồng
Lâm Đồng,68,Di Linh,679,Gung Ré,25030,https://www.google.com/search?q=weather+Gung+Ré+Lâm+Đồng
Lâm Đồng,68,Di Linh,679,Hòa Bắc,25045,https://www.google.com/search?q=weather+Hòa+Bắc+Lâm+Đồng
Lâm Đồng,68,Di Linh,679,Hòa Nam,25042,https://www.google.com/search?q=weather+Hòa+Nam+Lâm+Đồng
Lâm Đồng,68,Di Linh,679,Hòa Ninh,25036,https://www.google.com/search?q=weather+Hòa+Ninh+Lâm+Đồng
Lâm Đồng,68,Di Linh,679,Hòa Trung,25039,https://www.google.com/search?q=weather+Hòa+Trung+Lâm+Đồng
Lâm Đồng,68,Di Linh,679,Liên Đầm,25027,https://www.google.com/search?q=weather+Liên+Đầm+Lâm+Đồng
Lâm Đồng,68,Di Linh,679,Sơn Điền,25048,https://www.google.com/search?q=weather+Sơn+Điền+Lâm+Đồng
Lâm Đồng,68,Di Linh,679,Tam Bố,25021,https://www.google.com/search?q=weather+Tam+Bố+Lâm+Đồng
Lâm Đồng,68,Di Linh,679,Tân Châu,25009,https://www.google.com/search?q=weather+Tân+Châu+Lâm+Đồng
Lâm Đồng,68,Di Linh,679,Tân Lâm,25007,https://www.google.com/search?q=weather+Tân+Lâm+Lâm+Đồng
Lâm Đồng,68,Di Linh,679,Tân Nghĩa,25012,https://www.google.com/search?q=weather+Tân+Nghĩa+Lâm+Đồng
Lâm Đồng,68,Di Linh,679,Tân Thượng,25006,https://www.google.com/search?q=weather+Tân+Thượng+Lâm+Đồng
Lâm Đồng,68,Di Linh,679,TT. Di Linh,25000,https://www.google.com/search?q=weather+TT.+Di+Linh+Lâm+Đồng
Lâm Đồng,68,Đơn Dương,677,Đạ Ròn,24937,https://www.google.com/search?q=weather+Đạ+Ròn+Lâm+Đồng
Lâm Đồng,68,Đơn Dương,677,Ka Đô,24943,https://www.google.com/search?q=weather+Ka+Đô+Lâm+Đồng
Lâm Đồng,68,Đơn Dương,677,Ka Đơn,24949,https://www.google.com/search?q=weather+Ka+Đơn+Lâm+Đồng
Lâm Đồng,68,Đơn Dương,677,Lạc Lâm,24940,https://www.google.com/search?q=weather+Lạc+Lâm+Lâm+Đồng
Lâm Đồng,68,Đơn Dương,677,Lạc Xuân,24934,https://www.google.com/search?q=weather+Lạc+Xuân+Lâm+Đồng
Lâm Đồng,68,Đơn Dương,677,Pró,24955,https://www.google.com/search?q=weather+Pró+Lâm+Đồng
Lâm Đồng,68,Đơn Dương,677,Quảng Lập,24946,https://www.google.com/search?q=weather+Quảng+Lập+Lâm+Đồng
Lâm Đồng,68,Đơn Dương,677,TT. D'Ran,24928,https://www.google.com/search?q=weather+TT.+D'Ran+Lâm+Đồng
Lâm Đồng,68,Đơn Dương,677,TT. Thạch Mỹ,24931,https://www.google.com/search?q=weather+TT.+Thạch+Mỹ+Lâm+Đồng
Lâm Đồng,68,Đơn Dương,677,Tu Tra,24952,https://www.google.com/search?q=weather+Tu+Tra+Lâm+Đồng
Lâm Đồng,68,Đức Trọng,678,Bình Thạnh,24970,https://www.google.com/search?q=weather+Bình+Thạnh+Lâm+Đồng
Lâm Đồng,68,Đức Trọng,678,Đà Loan,24994,https://www.google.com/search?q=weather+Đà+Loan+Lâm+Đồng
Lâm Đồng,68,Đức Trọng,678,Đạ Quyn,24989,https://www.google.com/search?q=weather+Đạ+Quyn+Lâm+Đồng
Lâm Đồng,68,Đức Trọng,678,Hiệp An,24961,https://www.google.com/search?q=weather+Hiệp+An+Lâm+Đồng
Lâm Đồng,68,Đức Trọng,678,Hiệp Thạnh,24967,https://www.google.com/search?q=weather+Hiệp+Thạnh+Lâm+Đồng
Lâm Đồng,68,Đức Trọng,678,Liên Hiệp,24964,https://www.google.com/search?q=weather+Liên+Hiệp+Lâm+Đồng
Lâm Đồng,68,Đức Trọng,678,Ninh Gia,24985,https://www.google.com/search?q=weather+Ninh+Gia+Lâm+Đồng
Lâm Đồng,68,Đức Trọng,678,Ninh Loan,24997,https://www.google.com/search?q=weather+Ninh+Loan+Lâm+Đồng
Lâm Đồng,68,Đức Trọng,678,N'Thol Hạ,24973,https://www.google.com/search?q=weather+N'Thol+Hạ+Lâm+Đồng
Lâm Đồng,68,Đức Trọng,678,Phú Hội,24982,https://www.google.com/search?q=weather+Phú+Hội+Lâm+Đồng
Lâm Đồng,68,Đức Trọng,678,Tà Hine,24991,https://www.google.com/search?q=weather+Tà+Hine+Lâm+Đồng
Lâm Đồng,68,Đức Trọng,678,Tà Năng,24988,https://www.google.com/search?q=weather+Tà+Năng+Lâm+Đồng
Lâm Đồng,68,Đức Trọng,678,Tân Hội,24976,https://www.google.com/search?q=weather+Tân+Hội+Lâm+Đồng
Lâm Đồng,68,Đức Trọng,678,Tân Thành,24979,https://www.google.com/search?q=weather+Tân+Thành+Lâm+Đồng
Lâm Đồng,68,Đức Trọng,678,TT. Liên Nghĩa,24958,https://www.google.com/search?q=weather+TT.+Liên+Nghĩa+Lâm+Đồng
Lâm Đồng,68,Lạc Dương,675,Đạ Chais,24847,https://www.google.com/search?q=weather+Đạ+Chais+Lâm+Đồng
Lâm Đồng,68,Lạc Dương,675,Da Nhim,24848,https://www.google.com/search?q=weather+Da+Nhim+Lâm+Đồng
Lâm Đồng,68,Lạc Dương,675,Đạ Sar,24865,https://www.google.com/search?q=weather+Đạ+Sar+Lâm+Đồng
Lâm Đồng,68,Lạc Dương,675,Đưng KNớ,24850,https://www.google.com/search?q=weather+Đưng+KNớ+Lâm+Đồng
Lâm Đồng,68,Lạc Dương,675,Lát,24862,https://www.google.com/search?q=weather+Lát+Lâm+Đồng
Lâm Đồng,68,Lạc Dương,675,TT. Lạc Dương,24846,https://www.google.com/search?q=weather+TT.+Lạc+Dương+Lâm+Đồng
Lâm Đồng,68,Lâm Hà,676,Đạ Đờn,24895,https://www.google.com/search?q=weather+Đạ+Đờn+Lâm+Đồng
Lâm Đồng,68,Lâm Hà,676,Đan Phượng,24922,https://www.google.com/search?q=weather+Đan+Phượng+Lâm+Đồng
Lâm Đồng,68,Lâm Hà,676,Đông Thanh,24901,https://www.google.com/search?q=weather+Đông+Thanh+Lâm+Đồng
Lâm Đồng,68,Lâm Hà,676,Gia Lâm,24904,https://www.google.com/search?q=weather+Gia+Lâm+Lâm+Đồng
Lâm Đồng,68,Lâm Hà,676,Hoài Đức,24913,https://www.google.com/search?q=weather+Hoài+Đức+Lâm+Đồng
Lâm Đồng,68,Lâm Hà,676,Liên Hà,24919,https://www.google.com/search?q=weather+Liên+Hà+Lâm+Đồng
Lâm Đồng,68,Lâm Hà,676,Mê Linh,24892,https://www.google.com/search?q=weather+Mê+Linh+Lâm+Đồng
Lâm Đồng,68,Lâm Hà,676,Nam Hà,24925,https://www.google.com/search?q=weather+Nam+Hà+Lâm+Đồng
Lâm Đồng,68,Lâm Hà,676,Phi Tô,24883,https://www.google.com/search?q=weather+Phi+Tô+Lâm+Đồng
Lâm Đồng,68,Lâm Hà,676,Phúc Thọ,24898,https://www.google.com/search?q=weather+Phúc+Thọ+Lâm+Đồng
Lâm Đồng,68,Lâm Hà,676,Phú Sơn,24880,https://www.google.com/search?q=weather+Phú+Sơn+Lâm+Đồng
Lâm Đồng,68,Lâm Hà,676,Tân Hà,24916,https://www.google.com/search?q=weather+Tân+Hà+Lâm+Đồng
Lâm Đồng,68,Lâm Hà,676,Tân Thanh,24907,https://www.google.com/search?q=weather+Tân+Thanh+Lâm+Đồng
Lâm Đồng,68,Lâm Hà,676,Tân Văn,24910,https://www.google.com/search?q=weather+Tân+Văn+Lâm+Đồng
Lâm Đồng,68,Lâm Hà,676,TT. Đinh Văn,24871,https://www.google.com/search?q=weather+TT.+Đinh+Văn+Lâm+Đồng
Lâm Đồng,68,Lâm Hà,676,TT. Nam Ban,24868,https://www.google.com/search?q=weather+TT.+Nam+Ban+Lâm+Đồng
