province,province_code,district,district_code,ward,ward_code
Đắk Lắk,66,Buôn Đôn,647,Cuôr KNia,24247
Đắk Lắk,66,Buôn Đôn,647,Ea Bar,24250
Đắk Lắk,66,Buôn Đôn,647,Ea Huar,24238
Đắk Lắk,66,Buôn Đôn,647,Ea Nuôl,24253
Đắk Lắk,66,Buôn Đôn,647,Ea Wer,24241
Đắk Lắk,66,Buôn Đôn,647,Krông Na,24235
Đắk Lắk,66,Buôn Đôn,647,Tân Hoà,24244
Đắk Lắk,66,Buôn Ma Thuột,643,Cư ÊBur,24160
Đắk Lắk,66,Buôn Ma Thuột,643,Ea Kao,24169
Đắk Lắk,66,Buôn Ma Thuột,643,Ea Tu,24163
Đắk Lắk,66,Buôn Ma Thuột,643,Hòa Khánh,24175
Đắk Lắk,66,Buôn Ma Thuột,643,Hòa Phú,24172
Đắk Lắk,66,Buôn Ma Thuột,643,Hòa Thắng,24166
Đắk Lắk,66,Buôn Ma Thuột,643,Hòa Thuận,24157
Đắk Lắk,66,Buôn Ma Thuột,643,Hòa Xuân,24178
Đắk Lắk,66,Buôn Ma Thuột,643,P. Ea Tam,24151
Đắk Lắk,66,Buôn Ma Thuột,643,P. Khánh Xuân,24154
Đắk Lắk,66,Buôn Ma Thuột,643,P. Tân An,24124
Đắk Lắk,66,Buôn Ma Thuột,643,P. Tân Hòa,24121
Đắk Lắk,66,Buôn Ma Thuột,643,P. Tân Lập,24118
Đắk Lắk,66,Buôn Ma Thuột,643,P. Tân Lợi,24136
Đắk Lắk,66,Buôn Ma Thuột,643,P. Tân Thành,24142
Đắk Lắk,66,Buôn Ma Thuột,643,P. Tân Tiến,24145
Đắk Lắk,66,Buôn Ma Thuột,643,P. Thắng Lợi,24133
Đắk Lắk,66,Buôn Ma Thuột,643,P. Thành Công,24139
Đắk Lắk,66,Buôn Ma Thuột,643,P. Thành Nhất,24130
Đắk Lắk,66,Buôn Ma Thuột,643,P. Thống Nhất,24127
Đắk Lắk,66,Buôn Ma Thuột,643,P. Tự An,24148
Đắk Lắk,66,Cư Kuin,657,Cư Ê Wi,24541
Đắk Lắk,66,Cư Kuin,657,Dray Bhăng,24561
Đắk Lắk,66,Cư Kuin,657,Ea BHốk,24550
Đắk Lắk,66,Cư Kuin,657,Ea Hu,24553
Đắk Lắk,66,Cư Kuin,657,Ea Ktur,24544
Đắk Lắk,66,Cư Kuin,657,Ea Ning,24540
Đắk Lắk,66,Cư Kuin,657,Ea Tiêu,24547
Đắk Lắk,66,Cư Kuin,657,Hòa Hiệp,24562
Đắk Lắk,66,Cư M'Gar,648,Cư Dliê M'nông,24271
Đắk Lắk,66,Cư M'Gar,648,Cư M'gar,24289
Đắk Lắk,66,Cư M'Gar,648,Cuor Đăng,24301
Đắk Lắk,66,Cư M'Gar,648,Cư Suê,24298
Đắk Lắk,66,Cư M'Gar,648,Ea D'Rơng,24292
Đắk Lắk,66,Cư M'Gar,648,Ea H'đinh,24274
Đắk Lắk,66,Cư M'Gar,648,Ea Kiết,24265
Đắk Lắk,66,Cư M'Gar,648,Ea KPam,24280
Đắk Lắk,66,Cư M'Gar,648,Ea Kuêh,24264
Đắk Lắk,66,Cư M'Gar,648,Ea M'DRóh,24283
Đắk Lắk,66,Cư M'Gar,648,Ea M'nang,24295
Đắk Lắk,66,Cư M'Gar,648,Ea Tar,24268
Đắk Lắk,66,Cư M'Gar,648,Ea Tul,24277
Đắk Lắk,66,Cư M'Gar,648,Quảng Hiệp,24286
Đắk Lắk,66,Cư M'Gar,648,Quảng Tiến,24262
Đắk Lắk,66,Cư M'Gar,648,TT. Ea Pốk,24256
Đắk Lắk,66,Cư M'Gar,648,TT. Quảng Phú,24259
Đắk Lắk,66,Ea H'Leo,645,Cư A Mung,24194
Đắk Lắk,66,Ea H'Leo,645,Cư Mốt,24196
Đắk Lắk,66,Ea H'Leo,645,Dlêi Yang,24205
Đắk Lắk,66,Ea H'Leo,645,Ea Hiao,24199
Đắk Lắk,66,Ea H'Leo,645,Ea H'leo,24184
Đắk Lắk,66,Ea H'Leo,645,Ea Khal,24202
Đắk Lắk,66,Ea H'Leo,645,Ea Nam,24208
Đắk Lắk,66,Ea H'Leo,645,Ea Ral,24190
Đắk Lắk,66,Ea H'Leo,645,Ea Sol,24187
Đắk Lắk,66,Ea H'Leo,645,Ea Tir,24207
Đắk Lắk,66,Ea H'Leo,645,Ea Wy,24193
Đắk Lắk,66,Ea H'Leo,645,TT. Ea Drăng,24181
Đắk Lắk,66,Ea Kar,651,Cư Bông,24406
Đắk Lắk,66,Ea Kar,651,Cư ELang,24404
Đắk Lắk,66,Ea Kar,651,Cư Huê,24385
Đắk Lắk,66,Ea Kar,651,Cư Jang,24409
Đắk Lắk,66,Ea Kar,651,Cư Ni,24397
Đắk Lắk,66,Ea Kar,651,Cư Prông,24401
Đắk Lắk,66,Ea Kar,651,Ea Đar,24391
Đắk Lắk,66,Ea Kar,651,Ea Kmút,24394
Đắk Lắk,66,Ea Kar,651,Ea Ô,24403
Đắk Lắk,66,Ea Kar,651,Ea Păl,24400
Đắk Lắk,66,Ea Kar,651,Ea Sar,24380
Đắk Lắk,66,Ea Kar,651,Ea Sô,24379
Đắk Lắk,66,Ea Kar,651,Ea Tih,24388
Đắk Lắk,66,Ea Kar,651,TT. Ea Kar,24373
Đắk Lắk,66,Ea Kar,651,TT. Ea Knốp,24376
Đắk Lắk,66,Ea Kar,651,Xuân Phú,24382
Đắk Lắk,66,Ea Súp,646,Cư KBang,24226
Đắk Lắk,66,Ea Súp,646,Cư M'Lan,24232
Đắk Lắk,66,Ea Súp,646,Ea Bung,24229
Đắk Lắk,66,Ea Súp,646,Ea Lê,24223
Đắk Lắk,66,Ea Súp,646,Ea Rốki,24217
Đắk Lắk,66,Ea Súp,646,Ia JLơi,24215
Đắk Lắk,66,Ea Súp,646,Ia Lốp,24214
Đắk Lắk,66,Ea Súp,646,Ia RVê,24221
Đắk Lắk,66,Ea Súp,646,TT. Ea Súp,24211
Đắk Lắk,66,Ea Súp,646,Ya Tờ Mốt,24220
Đắk Lắk,66,Krông Ana,655,Băng A Drênh,24568
Đắk Lắk,66,Krông Ana,655,Bình Hòa,24574
Đắk Lắk,66,Krông Ana,655,Dray Sáp,24556
Đắk Lắk,66,Krông Ana,655,Dur KMăl,24571
Đắk Lắk,66,Krông Ana,655,Ea Bông,24565
Đắk Lắk,66,Krông Ana,655,Ea Na,24559
Đắk Lắk,66,Krông Ana,655,Quảng Điền,24577
Đắk Lắk,66,Krông Ana,655,TT. Buôn Trấp,24538
Đắk Lắk,66,Krông Bông,653,Cư Drăm,24484
Đắk Lắk,66,Krông Bông,653,Cư KTy,24454
Đắk Lắk,66,Krông Bông,653,Cư Pui,24478
Đắk Lắk,66,Krông Bông,653,Dang Kang,24451
Đắk Lắk,66,Krông Bông,653,Ea Trul,24472
Đắk Lắk,66,Krông Bông,653,Hòa Lễ,24466
Đắk Lắk,66,Krông Bông,653,Hòa Phong,24463
Đắk Lắk,66,Krông Bông,653,Hòa Sơn,24481
Đắk Lắk,66,Krông Bông,653,Hòa Tân,24460
Đắk Lắk,66,Krông Bông,653,Hòa Thành,24457
Đắk Lắk,66,Krông Bông,653,Khuê Ngọc Điền,24475
Đắk Lắk,66,Krông Bông,653,TT. Krông Kmar,24448
Đắk Lắk,66,Krông Bông,653,Yang Mao,24487
Đắk Lắk,66,Krông Bông,653,Yang Reh,24469
Đắk Lắk,66,Krông Búk,649,Chư KBô,24310
Đắk Lắk,66,Krông Búk,649,Cư Né,24307
Đắk Lắk,66,Krông Búk,649,Cư Pơng,24313
Đắk Lắk,66,Krông Búk,649,Ea Ngai,24319
Đắk Lắk,66,Krông Búk,649,Ea Sin,24314
Đắk Lắk,66,Krông Búk,649,Pơng Drang,24316
Đắk Lắk,66,Krông Búk,649,Tân Lập,24317
Đắk Lắk,66,Krông Năng,650,Cư Klông,24367
Đắk Lắk,66,Krông Năng,650,ĐLiê Ya,24346
Đắk Lắk,66,Krông Năng,650,Ea Dăh,24360
Đắk Lắk,66,Krông Năng,650,Ea Hồ,24361
Đắk Lắk,66,Krông Năng,650,Ea Puk,24359
Đắk Lắk,66,Krông Năng,650,Ea Tam,24352
Đắk Lắk,66,Krông Năng,650,Ea Tân,24370
Đắk Lắk,66,Krông Năng,650,Ea Tóh,24349
Đắk Lắk,66,Krông Năng,650,Phú Lộc,24355
Đắk Lắk,66,Krông Năng,650,Phú Xuân,24364
Đắk Lắk,66,Krông Năng,650,Tam Giang,24358
Đắk Lắk,66,Krông Năng,650,TT. Krông Năng,24343
Đắk Lắk,66,Krông Pắc,654,Ea Hiu,24520
Đắk Lắk,66,Krông Pắc,654,Ea Kênh,24499
Đắk Lắk,66,Krông Pắc,654,Ea Kly,24496
Đắk Lắk,66,Krông Pắc,654,Ea KNuec,24505
Đắk Lắk,66,Krông Pắc,654,Ea Kuăng,24514
Đắk Lắk,66,Krông Pắc,654,Ea Phê,24502
Đắk Lắk,66,Krông Pắc,654,Ea Uy,24532
Đắk Lắk,66,Krông Pắc,654,Ea Yiêng,24535
Đắk Lắk,66,Krông Pắc,654,Ea Yông,24508
Đắk Lắk,66,Krông Pắc,654,Hòa An,24511
Đắk Lắk,66,Krông Pắc,654,Hòa Đông,24517
Đắk Lắk,66,Krông Pắc,654,Hòa Tiến,24523
Đắk Lắk,66,Krông Pắc,654,KRông Búk,24493
Đắk Lắk,66,Krông Pắc,654,Tân Tiến,24526
Đắk Lắk,66,Krông Pắc,654,TT. Phước An,24490
Đắk Lắk,66,Krông Pắc,654,Vụ Bổn,24529
Đắk Lắk,66,Lắk,656,Bông Krang,24586
Đắk Lắk,66,Lắk,656,Buôn Tría,24595
Đắk Lắk,66,Lắk,656,Buôn Triết,24592
Đắk Lắk,66,Lắk,656,Đắk Liêng,24589
Đắk Lắk,66,Lắk,656,Đắk Nuê,24601
Đắk Lắk,66,Lắk,656,Đắk Phơi,24598
Đắk Lắk,66,Lắk,656,Ea R'Bin,24610
Đắk Lắk,66,Lắk,656,Krông Nô,24604
Đắk Lắk,66,Lắk,656,Nam Ka,24607
Đắk Lắk,66,Lắk,656,TT. Liên Sơn,24580
Đắk Lắk,66,Lắk,656,Yang Tao,24583
Đắk Lắk,66,M'Đrắk,652,Cư K Róa,24439
Đắk Lắk,66,M'Đrắk,652,Cư M'ta,24436
Đắk Lắk,66,M'Đrắk,652,Cư Prao,24415
Đắk Lắk,66,M'Đrắk,652,Cư San,24444
Đắk Lắk,66,M'Đrắk,652,Ea H'MLay,24424
Đắk Lắk,66,M'Đrắk,652,Ea Lai,24421
Đắk Lắk,66,M'Đrắk,652,Ea M' Doal,24430
Đắk Lắk,66,M'Đrắk,652,Ea Pil,24418
Đắk Lắk,66,M'Đrắk,652,Ea Riêng,24433
Đắk Lắk,66,M'Đrắk,652,Ea Trang,24445
Đắk Lắk,66,M'Đrắk,652,Krông á,24442
Đắk Lắk,66,M'Đrắk,652,Krông Jing,24427
Đắk Lắk,66,M'Đrắk,652,TT. M'Đrắk,24412
Đắk Lắk,66,TX. Buôn Hồ,644,Bình Thuận,24337
Đắk Lắk,66,TX. Buôn Hồ,644,Cư Bao,24340
Đắk Lắk,66,TX. Buôn Hồ,644,Ea Blang,24325
Đắk Lắk,66,TX. Buôn Hồ,644,Ea Drông,24328
Đắk Lắk,66,TX. Buôn Hồ,644,Ea Siên,24334
Đắk Lắk,66,TX. Buôn Hồ,644,P. An Bình,24308
Đắk Lắk,66,TX. Buôn Hồ,644,P. An Lạc,24305
Đắk Lắk,66,TX. Buôn Hồ,644,P. Bình Tân,24332
Đắk Lắk,66,TX. Buôn Hồ,644,P. Đạt Hiếu,24318
Đắk Lắk,66,TX. Buôn Hồ,644,P. Đoàn Kết,24322
Đắk Lắk,66,TX. Buôn Hồ,644,P. Thiện An,24311
Đắk Lắk,66,TX. Buôn Hồ,644,P. Thống Nhất,24331
Đắk Nông,67,Cư Jút,662,Cư Knia,24658
Đắk Nông,67,Cư Jút,662,Đắk Drông,24652
Đắk Nông,67,Cư Jút,662,Đắk Wil,24643
Đắk Nông,67,Cư Jút,662,Ea Pô,24646
Đắk Nông,67,Cư Jút,662,Nam Dong,24649
Đắk Nông,67,Cư Jút,662,Tâm Thắng,24655
Đắk Nông,67,Cư Jút,662,Trúc Sơn,24661
Đắk Nông,67,Cư Jút,662,TT. Ea T'Ling,24640
Đắk Nông,67,Đắk Glong,661,Đắk Ha,24622
Đắk Nông,67,Đắk Glong,661,Đắk Plao,24634
Đắk Nông,67,Đắk Glong,661,Đắk R'Măng,24625
Đắk Nông,67,Đắk Glong,661,Đắk Som,24637
Đắk Nông,67,Đắk Glong,661,Quảng Hòa,24620
Đắk Nông,67,Đắk Glong,661,Quảng Khê,24631
Đắk Nông,67,Đắk Glong,661,Quảng Sơn,24616
Đắk Nông,67,Đắk Mil,663,Đắk Gằn,24673
Đắk Nông,67,Đắk Mil,663,Đắk Lao,24667
Đắk Nông,67,Đắk Mil,663,Đắk N'Drót,24677
Đắk Nông,67,Đắk Mil,663,Đắk R'La,24670
Đắk Nông,67,Đắk Mil,663,Đắk Sắk,24679
Đắk Nông,67,Đắk Mil,663,Đức Mạnh,24676
Đắk Nông,67,Đắk Mil,663,Đức Minh,24685
Đắk Nông,67,Đắk Mil,663,Long Sơn,24678
Đắk Nông,67,Đắk Mil,663,Thuận An,24682
Đắk Nông,67,Đắk Mil,663,TT. Đắk Mil,24664
Đắk Nông,67,Đắk RLấp,666,Đắk Ru,24763
Đắk Nông,67,Đắk RLấp,666,Đắk Sin,24760
Đắk Nông,67,Đắk RLấp,666,Đắk Wer,24750
Đắk Nông,67,Đắk RLấp,666,Đạo Nghĩa,24757
Đắk Nông,67,Đắk RLấp,666,Hưng Bình,24761
Đắk Nông,67,Đắk RLấp,666,Kiến Thành,24754
Đắk Nông,67,Đắk RLấp,666,Nghĩa Thắng,24756
Đắk Nông,67,Đắk RLấp,666,Nhân Cơ,24751
Đắk Nông,67,Đắk RLấp,666,Nhân Đạo,24766
Đắk Nông,67,Đắk RLấp,666,Quảng Tín,24745
Đắk Nông,67,Đắk RLấp,666,TT. Kiến Đức,24733
Đắk Nông,67,Đắk Song,665,Đắk Hòa,24719
Đắk Nông,67,Đắk Song,665,Đắk Môl,24718
Đắk Nông,67,Đắk Song,665,Đắk N'Drung,24727
Đắk Nông,67,Đắk Song,665,Nam Bình,24721
Đắk Nông,67,Đắk Song,665,Nâm N'Jang,24728
Đắk Nông,67,Đắk Song,665,Thuận Hà,24722
Đắk Nông,67,Đắk Song,665,Thuận Hạnh,24724
Đắk Nông,67,Đắk Song,665,Trường Xuân,24730
Đắk Nông,67,Đắk Song,665,TT. Đức An,24717
Đắk Nông,67,KRông Nô,664,Buôn Choah,24694
Đắk Nông,67,KRông Nô,664,Đắk DRô,24700
Đắk Nông,67,KRông Nô,664,Đắk Nang,24709
Đắk Nông,67,KRông Nô,664,Đắk Sôr,24691
Đắk Nông,67,KRông Nô,664,Đức Xuyên,24706
Đắk Nông,67,KRông Nô,664,Nam Đà,24697
Đắk Nông,67,KRông Nô,664,Nâm N'Đir,24715
Đắk Nông,67,KRông Nô,664,Nam Nung,24703
Đắk Nông,67,KRông Nô,664,Nam Xuân,24692
Đắk Nông,67,KRông Nô,664,Quảng Phú,24712
Đắk Nông,67,KRông Nô,664,Tân Thành,24699
Đắk Nông,67,KRông Nô,664,TT. Đắk Mâm,24688
Đắk Nông,67,Tuy Đức,667,Đắk Búk So,24739
Đắk Nông,67,Tuy Đức,667,Đắk Ngo,24746
Đắk Nông,67,Tuy Đức,667,Đắk R'Tih,24742
Đắk Nông,67,Tuy Đức,667,Quảng Tâm,24740
Đắk Nông,67,Tuy Đức,667,Quảng Tân,24748
Đắk Nông,67,Tuy Đức,667,Quảng Trực,24736
Đắk Nông,67,TX. Gia Nghĩa,660,Đắk Nia,24628
Đắk Nông,67,TX. Gia Nghĩa,660,Đắk R'Moan,24618
Đắk Nông,67,TX. Gia Nghĩa,660,P. Nghĩa Đức,24611
Đắk Nông,67,TX. Gia Nghĩa,660,P. Nghĩa Phú,24614
Đắk Nông,67,TX. Gia Nghĩa,660,P. Nghĩa Tân,24615
Đắk Nông,67,TX. Gia Nghĩa,660,P. Nghĩa Thành,24612
Đắk Nông,67,TX. Gia Nghĩa,660,P. Nghĩa Trung,24617
Đắk Nông,67,TX. Gia Nghĩa,660,Quảng Thành,24619
Gia Lai,64,Chư Păh,627,Chư Đăng Ya,23746
Gia Lai,64,Chư Păh,627,Chư Jôr,23758
Gia Lai,64,Chư Păh,627,Đăk Tơ Ver,23740
Gia Lai,64,Chư Păh,627,Hà Tây,23725
Gia Lai,64,Chư Păh,627,Hòa Phú,23743
Gia Lai,64,Chư Păh,627,Ia Ka,23749
Gia Lai,64,Chư Păh,627,Ia Khươl,23728
Gia Lai,64,Chư Păh,627,Ia Kreng,23738
Gia Lai,64,Chư Păh,627,Ia Mơ Nông,23737
Gia Lai,64,Chư Păh,627,Ia Nhin,23752
Gia Lai,64,Chư Păh,627,Ia Phí,23731
Gia Lai,64,Chư Păh,627,Nghĩa Hòa,23755
Gia Lai,64,Chư Păh,627,Nghĩa Hưng,23761
Gia Lai,64,Chư Păh,627,TT. Ia Ly,23734
Gia Lai,64,Chư Păh,627,TT. Phú Hòa,23722
Gia Lai,64,Chư Prông,632,Bàu Cạn,23899
Gia Lai,64,Chư Prông,632,Bình Giáo,23890
Gia Lai,64,Chư Prông,632,Ia Bang,23924
Gia Lai,64,Chư Prông,632,Ia Băng,23905
Gia Lai,64,Chư Prông,632,Ia Boòng,23911
Gia Lai,64,Chư Prông,632,Ia Drang,23893
Gia Lai,64,Chư Prông,632,Ia Ga,23929
Gia Lai,64,Chư Prông,632,Ia Kly,23888
Gia Lai,64,Chư Prông,632,Ia Lâu,23932
Gia Lai,64,Chư Prông,632,Ia Me,23920
Gia Lai,64,Chư Prông,632,Ia Mơ,23938
Gia Lai,64,Chư Prông,632,Ia O,23914
Gia Lai,64,Chư Prông,632,Ia Phìn,23902
Gia Lai,64,Chư Prông,632,Ia Pia,23926
Gia Lai,64,Chư Prông,632,Ia Piơr,23935
Gia Lai,64,Chư Prông,632,Ia Púch,23917
Gia Lai,64,Chư Prông,632,Ia Tôr,23908
Gia Lai,64,Chư Prông,632,Ia Vê,23923
Gia Lai,64,Chư Prông,632,Thăng Hưng,23896
Gia Lai,64,Chư Prông,632,TT. Chư Prông,23887
Gia Lai,64,Chư Pưh,639,Chư Don,23980
Gia Lai,64,Chư Pưh,639,Ia Blứ,23987
Gia Lai,64,Chư Pưh,639,Ia Dreng,23974
Gia Lai,64,Chư Pưh,639,Ia Hla,23978
Gia Lai,64,Chư Pưh,639,Ia Hrú,23971
Gia Lai,64,Chư Pưh,639,Ia Le,23986
Gia Lai,64,Chư Pưh,639,Ia Phang,23983
Gia Lai,64,Chư Pưh,639,Ia Rong,23972
Gia Lai,64,Chư Pưh,639,TT. Nhơn Hòa,23942
Gia Lai,64,Chư Sê,633,Al Bá,23953
Gia Lai,64,Chư Sê,633,Ayun,23956
Gia Lai,64,Chư Sê,633,Bar Măih,23946
Gia Lai,64,Chư Sê,633,Bờ Ngoong,23947
Gia Lai,64,Chư Sê,633,Chư Pơng,23945
Gia Lai,64,Chư Sê,633,Dun,23965
Gia Lai,64,Chư Sê,633,HBông,23968
Gia Lai,64,Chư Sê,633,Ia Blang,23962
Gia Lai,64,Chư Sê,633,Ia Glai,23950
Gia Lai,64,Chư Sê,633,Ia Hlốp,23959
Gia Lai,64,Chư Sê,633,Ia Ko,23977
Gia Lai,64,Chư Sê,633,Ia Pal,23966
Gia Lai,64,Chư Sê,633,Ia Tiêm,23944
Gia Lai,64,Chư Sê,633,Kông HTok,23954
Gia Lai,64,Chư Sê,633,TT. Chư Sê,23941
Gia Lai,64,Đăk Đoa,626,A Dơk,23710
Gia Lai,64,Đăk Đoa,626,Đăk Krong,23684
Gia Lai,64,Đăk Đoa,626,Đăk Sơ Mei,23683
Gia Lai,64,Đăk Đoa,626,Glar,23707
Gia Lai,64,Đăk Đoa,626,Hà Bầu,23692
Gia Lai,64,Đăk Đoa,626,Hà Đông,23680
Gia Lai,64,Đăk Đoa,626,Hải Yang,23686
Gia Lai,64,Đăk Đoa,626,HNeng,23701
Gia Lai,64,Đăk Đoa,626,HNol,23714
Gia Lai,64,Đăk Đoa,626,Ia Băng,23719
Gia Lai,64,Đăk Đoa,626,Ia Pết,23716
Gia Lai,64,Đăk Đoa,626,KDang,23698
Gia Lai,64,Đăk Đoa,626,Kon Gang,23689
Gia Lai,64,Đăk Đoa,626,Nam Yang,23695
Gia Lai,64,Đăk Đoa,626,Tân Bình,23704
Gia Lai,64,Đăk Đoa,626,Trang,23713
Gia Lai,64,Đăk Đoa,626,TT. Đăk Đoa,23677
Gia Lai,64,Đak Pơ,634,An Thành,23992
Gia Lai,64,Đak Pơ,634,Cư An,24001
Gia Lai,64,Đak Pơ,634,Hà Tam,23989
Gia Lai,64,Đak Pơ,634,Phú An,24007
Gia Lai,64,Đak Pơ,634,Tân An,24004
Gia Lai,64,Đak Pơ,634,TT. Đak Pơ,23995
Gia Lai,64,Đak Pơ,634,Ya Hội,24010
Gia Lai,64,Đak Pơ,634,Yang Băc,23998
Gia Lai,64,Đức Cơ,631,Ia Din,23866
Gia Lai,64,Đức Cơ,631,Ia Dơk,23860
Gia Lai,64,Đức Cơ,631,Ia Dom,23872
Gia Lai,64,Đức Cơ,631,Ia Kla,23869
Gia Lai,64,Đức Cơ,631,Ia Krêl,23863
Gia Lai,64,Đức Cơ,631,Ia Kriêng,23878
Gia Lai,64,Đức Cơ,631,Ia Lang,23875
Gia Lai,64,Đức Cơ,631,Ia Nan,23884
Gia Lai,64,Đức Cơ,631,Ia Pnôn,23881
Gia Lai,64,Đức Cơ,631,TT. Chư Ty,23857
Gia Lai,64,Ia Grai,628,Ia Bă,23771
Gia Lai,64,Ia Grai,628,Ia Chia,23788
Gia Lai,64,Ia Grai,628,Ia Dêr,23785
Gia Lai,64,Ia Grai,628,Ia Grăng,23778
Gia Lai,64,Ia Grai,628,Ia Hrung,23770
Gia Lai,64,Ia Grai,628,Ia Khai,23773
Gia Lai,64,Ia Grai,628,Ia Krăi,23776
Gia Lai,64,Ia Grai,628,Ia O,23782
Gia Lai,64,Ia Grai,628,Ia Pếch,23791
Gia Lai,64,Ia Grai,628,Ia Sao,23767
Gia Lai,64,Ia Grai,628,Ia Tô,23779
Gia Lai,64,Ia Grai,628,Ia Yok,23768
Gia Lai,64,Ia Grai,628,TT. Ia Kha,23764
Gia Lai,64,Ia Pa,635,Chư Mố,24025
Gia Lai,64,Ia Pa,635,Chư Răng,24016
Gia Lai,64,Ia Pa,635,Ia Broăi,24034
Gia Lai,64,Ia Pa,635,Ia Kdăm,24019
Gia Lai,64,Ia Pa,635,Ia Mrơn,24031
Gia Lai,64,Ia Pa,635,Ia Trok,24037
Gia Lai,64,Ia Pa,635,Ia Tul,24028
Gia Lai,64,Ia Pa,635,Kim Tân,24022
Gia Lai,64,Ia Pa,635,Pờ Tó,24013
Gia Lai,64,KBang,625,Đăk HLơ,23674
Gia Lai,64,KBang,625,Đăk Rong,23644
Gia Lai,64,KBang,625,Đăk Smar,23660
Gia Lai,64,KBang,625,Đông,23659
Gia Lai,64,KBang,625,Kông Bla,23671
Gia Lai,64,KBang,625,Kông Lơng Khơng,23668
Gia Lai,64,KBang,625,Kon Pne,23641
Gia Lai,64,KBang,625,Krong,23650
Gia Lai,64,KBang,625,Lơ Ku,23656
Gia Lai,64,KBang,625,Nghĩa An,23662
Gia Lai,64,KBang,625,Sơn Lang,23647
Gia Lai,64,KBang,625,Sơ Pai,23653
Gia Lai,64,KBang,625,Tơ Tung,23665
Gia Lai,64,KBang,625,TT. KBang,23638
Gia Lai,64,Kông Chro,630,An Trung,23830
Gia Lai,64,Kông Chro,630,Chơ Long,23851
Gia Lai,64,Kông Chro,630,Chư Krêy,23827
Gia Lai,64,Kông Chro,630,Đăk Kơ Ning,23840
Gia Lai,64,Kông Chro,630,Đăk PLing,23843
Gia Lai,64,Kông Chro,630,Đăk Pơ Pho,23846
Gia Lai,64,Kông Chro,630,Đăk Song,23842
Gia Lai,64,Kông Chro,630,Đăk Tơ Pang,23836
Gia Lai,64,Kông Chro,630,Kông Yang,23833
Gia Lai,64,Kông Chro,630,SRó,23839
Gia Lai,64,Kông Chro,630,TT. Kông Chro,23824
Gia Lai,64,Kông Chro,630,Ya ma,23848
Gia Lai,64,Kông Chro,630,Yang Nam,23854
Gia Lai,64,Kông Chro,630,Yang Trung,23845
Gia Lai,64,Krông Pa,637,Chư Drăng,24094
Gia Lai,64,Krông Pa,637,Chư Gu,24085
Gia Lai,64,Krông Pa,637,Chư Ngọc,24106
Gia Lai,64,Krông Pa,637,Chư Rcăm,24112
Gia Lai,64,Krông Pa,637,Đất Bằng,24088
Gia Lai,64,Krông Pa,637,Ia Hdreh,24100
Gia Lai,64,Krông Pa,637,Ia Mlah,24091
Gia Lai,64,Krông Pa,637,Ia RMok,24103
Gia Lai,64,Krông Pa,637,Ia Rsai,24079
Gia Lai,64,Krông Pa,637,Ia Rsươm,24082
Gia Lai,64,Krông Pa,637,Krông Năng,24115
Gia Lai,64,Krông Pa,637,Phú Cần,24097
Gia Lai,64,Krông Pa,637,TT. Phú Túc,24076
Gia Lai,64,Krông Pa,637,Uar,24109
Gia Lai,64,Mang Yang,629,Ayun,23797
Gia Lai,64,Mang Yang,629,Đăk Djrăng,23806
Gia Lai,64,Mang Yang,629,Đăk Jơ Ta,23798
Gia Lai,64,Mang Yang,629,Đăk Ta Ley,23799
Gia Lai,64,Mang Yang,629,Đăk Trôi,23821
Gia Lai,64,Mang Yang,629,Đăk Yă,23803
Gia Lai,64,Mang Yang,629,Đê Ar,23815
Gia Lai,64,Mang Yang,629,Hra,23800
Gia Lai,64,Mang Yang,629,Kon Chiêng,23818
Gia Lai,64,Mang Yang,629,Kon Thụp,23812
Gia Lai,64,Mang Yang,629,Lơ Pang,23809
Gia Lai,64,Mang Yang,629,TT. Kon Dơng,23794
Gia Lai,64,Phú Thiện,638,Ayun Hạ,24048
Gia Lai,64,Phú Thiện,638,Chrôh Pơnan,24060
Gia Lai,64,Phú Thiện,638,Chư A Thai,24046
Gia Lai,64,Phú Thiện,638,Ia Ake,24049
Gia Lai,64,Phú Thiện,638,Ia Hiao,24061
Gia Lai,64,Phú Thiện,638,Ia Peng,24058
Gia Lai,64,Phú Thiện,638,Ia Piar,24055
Gia Lai,64,Phú Thiện,638,Ia Sol,24052
Gia Lai,64,Phú Thiện,638,Ia Yeng,24067
Gia Lai,64,Phú Thiện,638,TT. Phú Thiện,24043
Gia Lai,64,Plei Ku,622,Biển Hồ,23590
Gia Lai,64,Plei Ku,622,Chư á,23599
Gia Lai,64,Plei Ku,622,Chư Hdrông,23587
Gia Lai,64,Plei Ku,622,Diên Phú,23605
Gia Lai,64,Plei Ku,622,Gào,23611
Gia Lai,64,Plei Ku,622,Ia Kênh,23608
Gia Lai,64,Plei Ku,622,P. An Phú,23602
Gia Lai,64,Plei Ku,622,P. Chi Lăng,23586
Gia Lai,64,Plei Ku,622,P. Diên Hồng,23560
Gia Lai,64,Plei Ku,622,P. Đống Đa,23579
Gia Lai,64,Plei Ku,622,P. Hoa Lư,23572
Gia Lai,64,Plei Ku,622,P. Hội Phú,23569
Gia Lai,64,Plei Ku,622,P. Hội Thương,23566
Gia Lai,64,Plei Ku,622,P. Ia Kring,23563
Gia Lai,64,Plei Ku,622,P. Phù Đổng,23570
Gia Lai,64,Plei Ku,622,P. Tây Sơn,23575
Gia Lai,64,Plei Ku,622,P. Thắng Lợi,23582
Gia Lai,64,Plei Ku,622,P. Thống Nhất,23578
Gia Lai,64,Plei Ku,622,P. Trà Bá,23581
Gia Lai,64,Plei Ku,622,P. Yên Đỗ,23557
Gia Lai,64,Plei Ku,622,P. Yên Thế,23584
Gia Lai,64,Plei Ku,622,Tân Sơn,23593
Gia Lai,64,Plei Ku,622,Trà Đa,23596
Gia Lai,64,TX. An Khê,623,Cửu An,23629
Gia Lai,64,TX. An Khê,623,P. An Bình,23614
Gia Lai,64,TX. An Khê,623,P. An Phú,23620
Gia Lai,64,TX. An Khê,623,P. An Phước,23630
Gia Lai,64,TX. An Khê,623,P. An Tân,23623
Gia Lai,64,TX. An Khê,623,P. Ngô Mây,23633
Gia Lai,64,TX. An Khê,623,P. Tây Sơn,23617
Gia Lai,64,TX. An Khê,623,Song An,23632
Gia Lai,64,TX. An Khê,623,Thành An,23635
Gia Lai,64,TX. An Khê,623,Tú An,23626
Gia Lai,64,TX. An Khê,623,Xuân An,23627
Gia Lai,64,TX. AYun Pa,624,Chư Băh,24065
Gia Lai,64,TX. AYun Pa,624,Ia RBol,24064
Gia Lai,64,TX. AYun Pa,624,Ia Rtô,24070
Gia Lai,64,TX. AYun Pa,624,Ia Sao,24073
Gia Lai,64,TX. AYun Pa,624,P. Cheo Reo,24041
Gia Lai,64,TX. AYun Pa,624,P. Đoàn Kết,24044
Gia Lai,64,TX. AYun Pa,624,P. Hoà Bình,24042
Gia Lai,64,TX. AYun Pa,624,P. Sông Bờ,24045
Kon Tum,62,Đắk Glei,610,Đắk Choong,23356
Kon Tum,62,Đắk Glei,610,Đắk Kroong,23371
Kon Tum,62,Đắk Glei,610,Đắk Long,23368
Kon Tum,62,Đắk Glei,610,Đắk Man,23347
Kon Tum,62,Đắk Glei,610,Đắk Môn,23374
Kon Tum,62,Đắk Glei,610,Đắk Nhoong,23350
Kon Tum,62,Đắk Glei,610,Đắk Pék,23353
Kon Tum,62,Đắk Glei,610,Đắk Plô,23344
Kon Tum,62,Đắk Glei,610,Mường Hoong,23362
Kon Tum,62,Đắk Glei,610,Ngọc Linh,23365
Kon Tum,62,Đắk Glei,610,TT. Đắk Glei,23341
Kon Tum,62,Đắk Glei,610,Xốp,23359
Kon Tum,62,Đắk Hà,615,Đắk Hring,23506
Kon Tum,62,Đắk Hà,615,Đắk La,23524
Kon Tum,62,Đắk Hà,615,Đắk Long,23504
Kon Tum,62,Đắk Hà,615,Đắk Mar,23512
Kon Tum,62,Đắk Hà,615,Đắk Ngọk,23510
Kon Tum,62,Đắk Hà,615,Đắk Pxi,23503
Kon Tum,62,Đắk Hà,615,Đắk Ui,23509
Kon Tum,62,Đắk Hà,615,Hà Mòn,23521
Kon Tum,62,Đắk Hà,615,Ngọk Réo,23518
Kon Tum,62,Đắk Hà,615,Ngọk Wang,23515
Kon Tum,62,Đắk Hà,615,TT. Đắk Hà,23500
Kon Tum,62,Đắk Tô,612,Đắk Rơ Nga,23427
Kon Tum,62,Đắk Tô,612,Đắk Trăm,23430
Kon Tum,62,Đắk Tô,612,Diên Bình,23440
Kon Tum,62,Đắk Tô,612,Kon Đào,23434
Kon Tum,62,Đắk Tô,612,Ngọk Tụ,23428
Kon Tum,62,Đắk Tô,612,Pô Cô,23443
Kon Tum,62,Đắk Tô,612,Tân Cảnh,23437
Kon Tum,62,Đắk Tô,612,TT. Đắk Tô,23401
Kon Tum,62,Đắk Tô,612,Văn Lem,23431
Kon Tum,62,Ia H' Drai,618,Ia Dal,23535
Kon Tum,62,Ia H' Drai,618,Ia Dom,23537
Kon Tum,62,Ia H' Drai,618,Ia Tơi,23538
Kon Tum,62,Kon Plông,613,Đắk Long,23473
Kon Tum,62,Kon Plông,613,Đắk Nên,23452
Kon Tum,62,Kon Plông,613,Đắk Ring,23455
Kon Tum,62,Kon Plông,613,Đắk Tăng,23461
Kon Tum,62,Kon Plông,613,Hiếu,23476
Kon Tum,62,Kon Plông,613,Măng Buk,23458
Kon Tum,62,Kon Plông,613,Măng Cành,23470
Kon Tum,62,Kon Plông,613,Ngok Tem,23464
Kon Tum,62,Kon Plông,613,Pờ Ê,23467
Kon Tum,62,Kon Rẫy,614,Đắk Kôi,23482
Kon Tum,62,Kon Rẫy,614,Đắk Pne,23491
Kon Tum,62,Kon Rẫy,614,Đắk Ruồng,23488
Kon Tum,62,Kon Rẫy,614,Đắk Tơ Lung,23485
Kon Tum,62,Kon Rẫy,614,Đắk Tơ Re,23494
Kon Tum,62,Kon Rẫy,614,Tân Lập,23497
Kon Tum,62,Kon Rẫy,614,TT. Đắk Rve,23479
Kon Tum,62,Kon Tum,608,Chư H'reng,23332
Kon Tum,62,Kon Tum,608,Đắk Blà,23323
Kon Tum,62,Kon Tum,608,Đắk Cấm,23311
Kon Tum,62,Kon Tum,608,Đắk Năng,23327
Kon Tum,62,Kon Tum,608,Đắk Rơ Wa,23335
Kon Tum,62,Kon Tum,608,Đoàn Kết,23329
Kon Tum,62,Kon Tum,608,Hòa Bình,23338
Kon Tum,62,Kon Tum,608,Ia Chim,23326
Kon Tum,62,Kon Tum,608,Kroong,23314
Kon Tum,62,Kon Tum,608,Ngọk Bay,23317
Kon Tum,62,Kon Tum,608,P. Duy Tân,23284
Kon Tum,62,Kon Tum,608,P. Lê Lợi,23302
Kon Tum,62,Kon Tum,608,P. Ngô Mây,23296
Kon Tum,62,Kon Tum,608,P. Nguyễn Trãi,23305
Kon Tum,62,Kon Tum,608,P. Quang Trung,23281
Kon Tum,62,Kon Tum,608,P. Quyết Thắng,23287
Kon Tum,62,Kon Tum,608,P. Thắng Lợi,23293
Kon Tum,62,Kon Tum,608,P. Thống Nhất,23299
Kon Tum,62,Kon Tum,608,P. Trần Hưng Đạo,23308
Kon Tum,62,Kon Tum,608,P. Trường Chinh,23290
Kon Tum,62,Kon Tum,608,Vinh Quang,23320
Kon Tum,62,Ngọc Hồi,611,Đắk Ang,23380
Kon Tum,62,Ngọc Hồi,611,Đắk Dục,23383
Kon Tum,62,Ngọc Hồi,611,Đắk Kan,23392
Kon Tum,62,Ngọc Hồi,611,Đắk Nông,23386
Kon Tum,62,Ngọc Hồi,611,Đắk Xú,23389
Kon Tum,62,Ngọc Hồi,611,Pờ Y,23395
Kon Tum,62,Ngọc Hồi,611,Sa Loong,23398
Kon Tum,62,Ngọc Hồi,611,TT. Plei Cần,23377
Kon Tum,62,Sa Thầy,616,Hơ Moong,23534
Kon Tum,62,Sa Thầy,616,Mô Rai,23536
Kon Tum,62,Sa Thầy,616,Rờ Kơi,23530
Kon Tum,62,Sa Thầy,616,Sa Bình,23545
Kon Tum,62,Sa Thầy,616,Sa Nghĩa,23542
Kon Tum,62,Sa Thầy,616,Sa Nhơn,23533
Kon Tum,62,Sa Thầy,616,Sa Sơn,23539
Kon Tum,62,Sa Thầy,616,TT. Sa Thầy,23527
Kon Tum,62,Sa Thầy,616,Ya Ly,23554
Kon Tum,62,Sa Thầy,616,Ya Tăng,23551
Kon Tum,62,Sa Thầy,616,Ya Xiêr,23548
Kon Tum,62,Tu Mơ Rông,617,Đắk Hà,23425
Kon Tum,62,Tu Mơ Rông,617,Đắk Na,23407
Kon Tum,62,Tu Mơ Rông,617,Đắk Rơ Ông,23417
Kon Tum,62,Tu Mơ Rông,617,Đắk Sao,23416
Kon Tum,62,Tu Mơ Rông,617,Đắk Tơ Kan,23419
Kon Tum,62,Tu Mơ Rông,617,Măng Ri,23410
Kon Tum,62,Tu Mơ Rông,617,Ngọk Lây,23404
Kon Tum,62,Tu Mơ Rông,617,Ngọk Yêu,23413
Kon Tum,62,Tu Mơ Rông,617,Tê Xăng,23446
Kon Tum,62,Tu Mơ Rông,617,Tu Mơ Rông,23422
Kon Tum,62,Tu Mơ Rông,617,Văn Xuôi,23449
Lâm Đồng,68,Bảo Lâm,680,B' Lá,25069
Lâm Đồng,68,Bảo Lâm,680,Lộc An,25084
Lâm Đồng,68,Bảo Lâm,680,Lộc Bắc,25066
Lâm Đồng,68,Bảo Lâm,680,Lộc Bảo,25057
Lâm Đồng,68,Bảo Lâm,680,Lộc Đức,25081
Lâm Đồng,68,Bảo Lâm,680,Lộc Lâm,25060
Lâm Đồng,68,Bảo Lâm,680,Lộc Nam,25093
Lâm Đồng,68,Bảo Lâm,680,Lộc Ngãi,25072
Lâm Đồng,68,Bảo Lâm,680,Lộc Phú,25063
Lâm Đồng,68,Bảo Lâm,680,Lộc Quảng,25075
Lâm Đồng,68,Bảo Lâm,680,Lộc Tân,25078
Lâm Đồng,68,Bảo Lâm,680,Lộc Thanh,25090
Lâm Đồng,68,Bảo Lâm,680,Tân Lạc,25087
Lâm Đồng,68,Bảo Lâm,680,TT. Lộc Thắng,25054
Lâm Đồng,68,Bảo Lộc,673,Đại Lào,24844
Lâm Đồng,68,Bảo Lộc,673,Đạm Bri,24832
Lâm Đồng,68,Bảo Lộc,673,Lộc Châu,24841
Lâm Đồng,68,Bảo Lộc,673,Lộc Nga,24838
Lâm Đồng,68,Bảo Lộc,673,Lộc Thanh,24835
Lâm Đồng,68,Bảo Lộc,673,P. 1,24823
Lâm Đồng,68,Bảo Lộc,673,P. 2,24820
Lâm Đồng,68,Bảo Lộc,673,P. B'lao,24826
Lâm Đồng,68,Bảo Lộc,673,P. Lộc Phát,24814
Lâm Đồng,68,Bảo Lộc,673,P. Lộc Sơn,24829
Lâm Đồng,68,Bảo Lộc,673,P. Lộc Tiến,24817
Lâm Đồng,68,Cát Tiên,683,Đồng Nai Thượng,25192
Lâm Đồng,68,Cát Tiên,683,Đức Phổ,25183
Lâm Đồng,68,Cát Tiên,683,Gia Viễn,25168
Lâm Đồng,68,Cát Tiên,683,Mỹ Lâm,25174
Lâm Đồng,68,Cát Tiên,683,Nam Ninh,25171
Lâm Đồng,68,Cát Tiên,683,Phước Cát 1,25180
Lâm Đồng,68,Cát Tiên,683,Phước Cát 2,25165
Lâm Đồng,68,Cát Tiên,683,Quảng Ngãi,25189
Lâm Đồng,68,Cát Tiên,683,Tiên Hoàng,25162
Lâm Đồng,68,Cát Tiên,683,TT. Cát Tiên,25159
Lâm Đồng,68,Cát Tiên,683,Tư Nghĩa,25177
Lâm Đồng,68,Đạ Huoai,681,Đạ M'ri,25102
Lâm Đồng,68,Đạ Huoai,681,Đạ Oai,25111
Lâm Đồng,68,Đạ Huoai,681,Đạ Ploa,25114
Lâm Đồng,68,Đạ Huoai,681,Đạ Tồn,25108
Lâm Đồng,68,Đạ Huoai,681,Đoàn Kết,25120
Lâm Đồng,68,Đạ Huoai,681,Hà Lâm,25105
Lâm Đồng,68,Đạ Huoai,681,Ma Đa Guôi,25117
Lâm Đồng,68,Đạ Huoai,681,Phước Lộc,25123
Lâm Đồng,68,Đạ Huoai,681,TT. Đạ M'ri,25096
Lâm Đồng,68,Đạ Huoai,681,TT. Ma Đa Guôi,25099
Lâm Đồng,68,Đà Lạt,672,P. 1,24784
Lâm Đồng,68,Đà Lạt,672,P. 10,24796
Lâm Đồng,68,Đà Lạt,672,P. 11,24799
Lâm Đồng,68,Đà Lạt,672,P. 12,24775
Lâm Đồng,68,Đà Lạt,672,P. 2,24781
Lâm Đồng,68,Đà Lạt,672,P. 3,24802
Lâm Đồng,68,Đà Lạt,672,P. 4,24793
Lâm Đồng,68,Đà Lạt,672,P. 5,24790
Lâm Đồng,68,Đà Lạt,672,P. 6,24787
Lâm Đồng,68,Đà Lạt,672,P. 7,24769
Lâm Đồng,68,Đà Lạt,672,P. 8,24772
Lâm Đồng,68,Đà Lạt,672,P. 9,24778
Lâm Đồng,68,Đà Lạt,672,Tà Nung,24808
Lâm Đồng,68,Đà Lạt,672,Trạm Hành,24810
Lâm Đồng,68,Đà Lạt,672,Xuân Thọ,24805
Lâm Đồng,68,Đà Lạt,672,Xuân Trường,24811
Lâm Đồng,68,Đam Rông,674,Đạ KNàng,24889
Lâm Đồng,68,Đam Rông,674,Đạ Long,24856
Lâm Đồng,68,Đam Rông,674,Đa M'Rong,24859
Lâm Đồng,68,Đam Rông,674,Đạ R'Sal,24875
Lâm Đồng,68,Đam Rông,674,Đạ Tông,24853
Lâm Đồng,68,Đam Rông,674,Liêng S'Roin,24874
Lâm Đồng,68,Đam Rông,674,Phi Liêng,24886
Lâm Đồng,68,Đam Rông,674,Rô Men,24877
Lâm Đồng,68,Đạ Tẻh,682,An Nhơn,25129
Lâm Đồng,68,Đạ Tẻh,682,Đạ Kho,25153
Lâm Đồng,68,Đạ Tẻh,682,Đạ Lây,25141
Lâm Đồng,68,Đạ Tẻh,682,Đạ Pal,25156
Lâm Đồng,68,Đạ Tẻh,682,Hà Đông,25150
Lâm Đồng,68,Đạ Tẻh,682,Hương Lâm,25144
Lâm Đồng,68,Đạ Tẻh,682,Mỹ Đức,25135
Lâm Đồng,68,Đạ Tẻh,682,Quảng Trị,25138
Lâm Đồng,68,Đạ Tẻh,682,Quốc Oai,25132
Lâm Đồng,68,Đạ Tẻh,682,Triệu Hải,25147
Lâm Đồng,68,Đạ Tẻh,682,TT. Đạ Tẻh,25126
Lâm Đồng,68,Di Linh,679,Bảo Thuận,25033
Lâm Đồng,68,Di Linh,679,Đinh Lạc,25018
Lâm Đồng,68,Di Linh,679,Đinh Trang Hòa,25024
Lâm Đồng,68,Di Linh,679,Đinh Trang Thượng,25003
Lâm Đồng,68,Di Linh,679,Gia Bắc,25051
Lâm Đồng,68,Di Linh,679,Gia Hiệp,25015
Lâm Đồng,68,Di Linh,679,Gung Ré,25030
Lâm Đồng,68,Di Linh,679,Hòa Bắc,25045
Lâm Đồng,68,Di Linh,679,Hòa Nam,25042
Lâm Đồng,68,Di Linh,679,Hòa Ninh,25036
Lâm Đồng,68,Di Linh,679,Hòa Trung,25039
Lâm Đồng,68,Di Linh,679,Liên Đầm,25027
Lâm Đồng,68,Di Linh,679,Sơn Điền,25048
Lâm Đồng,68,Di Linh,679,Tam Bố,25021
Lâm Đồng,68,Di Linh,679,Tân Châu,25009
Lâm Đồng,68,Di Linh,679,Tân Lâm,25007
Lâm Đồng,68,Di Linh,679,Tân Nghĩa,25012
Lâm Đồng,68,Di Linh,679,Tân Thượng,25006
Lâm Đồng,68,Di Linh,679,TT. Di Linh,25000
Lâm Đồng,68,Đơn Dương,677,Đạ Ròn,24937
Lâm Đồng,68,Đơn Dương,677,Ka Đô,24943
Lâm Đồng,68,Đơn Dương,677,Ka Đơn,24949
Lâm Đồng,68,Đơn Dương,677,Lạc Lâm,24940
Lâm Đồng,68,Đơn Dương,677,Lạc Xuân,24934
Lâm Đồng,68,Đơn Dương,677,Pró,24955
Lâm Đồng,68,Đơn Dương,677,Quảng Lập,24946
Lâm Đồng,68,Đơn Dương,677,TT. D'Ran,24928
Lâm Đồng,68,Đơn Dương,677,TT. Thạch Mỹ,24931
Lâm Đồng,68,Đơn Dương,677,Tu Tra,24952
Lâm Đồng,68,Đức Trọng,678,Bình Thạnh,24970
Lâm Đồng,68,Đức Trọng,678,Đà Loan,24994
Lâm Đồng,68,Đức Trọng,678,Đạ Quyn,24989
Lâm Đồng,68,Đức Trọng,678,Hiệp An,24961
Lâm Đồng,68,Đức Trọng,678,Hiệp Thạnh,24967
Lâm Đồng,68,Đức Trọng,678,Liên Hiệp,24964
Lâm Đồng,68,Đức Trọng,678,Ninh Gia,24985
Lâm Đồng,68,Đức Trọng,678,Ninh Loan,24997
Lâm Đồng,68,Đức Trọng,678,N'Thol Hạ,24973
Lâm Đồng,68,Đức Trọng,678,Phú Hội,24982
Lâm Đồng,68,Đức Trọng,678,Tà Hine,24991
Lâm Đồng,68,Đức Trọng,678,Tà Năng,24988
Lâm Đồng,68,Đức Trọng,678,Tân Hội,24976
Lâm Đồng,68,Đức Trọng,678,Tân Thành,24979
Lâm Đồng,68,Đức Trọng,678,TT. Liên Nghĩa,24958
Lâm Đồng,68,Lạc Dương,675,Đạ Chais,24847
Lâm Đồng,68,Lạc Dương,675,Da Nhim,24848
Lâm Đồng,68,Lạc Dương,675,Đạ Sar,24865
Lâm Đồng,68,Lạc Dương,675,Đưng KNớ,24850
Lâm Đồng,68,Lạc Dương,675,Lát,24862
Lâm Đồng,68,Lạc Dương,675,TT. Lạc Dương,24846
Lâm Đồng,68,Lâm Hà,676,Đạ Đờn,24895
Lâm Đồng,68,Lâm Hà,676,Đan Phượng,24922
Lâm Đồng,68,Lâm Hà,676,Đông Thanh,24901
Lâm Đồng,68,Lâm Hà,676,Gia Lâm,24904
Lâm Đồng,68,Lâm Hà,676,Hoài Đức,24913
Lâm Đồng,68,Lâm Hà,676,Liên Hà,24919
Lâm Đồng,68,Lâm Hà,676,Mê Linh,24892
Lâm Đồng,68,Lâm Hà,676,Nam Hà,24925
Lâm Đồng,68,Lâm Hà,676,Phi Tô,24883
Lâm Đồng,68,Lâm Hà,676,Phúc Thọ,24898
Lâm Đồng,68,Lâm Hà,676,Phú Sơn,24880
Lâm Đồng,68,Lâm Hà,676,Tân Hà,24916
Lâm Đồng,68,Lâm Hà,676,Tân Thanh,24907
Lâm Đồng,68,Lâm Hà,676,Tân Văn,24910
Lâm Đồng,68,Lâm Hà,676,TT. Đinh Văn,24871
Lâm Đồng,68,Lâm Hà,676,TT. Nam Ban,24868