province,province_code,district,district_code,ward,ward_code,address,long,lat
Đắk Lắk,66,Buôn Đôn,647,Cuôr KNia,24247,"Đắk Lắk,Buôn Đôn,Cuôr KNia",107.973221934776,12.7891192965572
Đắk Lắk,66,Buôn Đôn,647,Ea Bar,24250,"Đắk Lắk,Buôn Đôn,Ea Bar",107.99370821785801,12.760452461596598
Đắk Lắk,66,Buôn Đôn,647,Ea Huar,24238,"Đắk Lắk,Buôn Đôn,Ea Huar",107.871736978161,12.883649357792699
Đắk Lắk,66,Buôn Đôn,647,Ea Nuôl,24253,"Đắk Lắk,Buôn Đôn,Ea Nuôl",107.942020767569,12.717650644738601
Đắk Lắk,66,Buôn Đôn,647,Ea Wer,24241,"Đắk Lắk,Buôn Đôn,Ea Wer",107.873618044191,12.836468622305699
Đắk Lắk,66,Buôn Đôn,647,Krông Na,24235,"Đắk Lắk,Buôn Đôn,Krông Na",107.679203773813,12.930764164491599
Đắk Lắk,66,Buôn Đôn,647,Tân Hoà,24244,"Đắk Lắk,Buôn Đôn,Tân Hoà",107.907164013045,12.781397976078901
Đắk Lắk,66,Buôn Ma Thuột,643,Cư ÊBur,24160,"Đắk Lắk,Buôn Ma Thuột,Cư ÊBur",108.01448368580601,12.717872365471
Đắk Lắk,66,Buôn Ma Thuột,643,Ea Kao,24169,"Đắk Lắk,Buôn Ma Thuột,Ea Kao",108.051511298238,12.5995544002441
Đắk Lắk,66,Buôn Ma Thuột,643,Ea Tu,24163,"Đắk Lắk,Buôn Ma Thuột,Ea Tu",108.11184440792,12.7141336115412
Đắk Lắk,66,Buôn Ma Thuột,643,Hòa Khánh,24175,"Đắk Lắk,Buôn Ma Thuột,Hòa Khánh",107.99878520032499,12.5990854451019
Đắk Lắk,66,Buôn Ma Thuột,643,Hòa Phú,24172,"Đắk Lắk,Buôn Ma Thuột,Hòa Phú",107.935251982097,12.6080089820893
Đắk Lắk,66,Buôn Ma Thuột,643,Hòa Thắng,24166,"Đắk Lắk,Buôn Ma Thuột,Hòa Thắng",108.10420606708999,12.657650144098001
Đắk Lắk,66,Buôn Ma Thuột,643,Hòa Xuân,24178,"Đắk Lắk,Buôn Ma Thuột,Hòa Xuân",107.949144058479,12.657566967330801
Đắk Lắk,66,Buôn Ma Thuột,643,P. Khánh Xuân,24154,"Đắk Lắk,Buôn Ma Thuột,P. Khánh Xuân",107.995341647351,12.6442077599046
Đắk Lắk,66,Buôn Ma Thuột,643,P. Tân An,24124,"Đắk Lắk,Buôn Ma Thuột,P. Tân An",108.07947392112601,12.7150970442995
Đắk Lắk,66,Buôn Ma Thuột,643,P. Tân Hòa,24121,"Đắk Lắk,Buôn Ma Thuột,P. Tân Hòa",108.099063970315,12.685778431967199
Đắk Lắk,66,Buôn Ma Thuột,643,P. Tân Lập,24118,"Đắk Lắk,Buôn Ma Thuột,P. Tân Lập",108.072250380664,12.676722203784498
Đắk Lắk,66,Buôn Ma Thuột,643,P. Tân Lợi,24136,"Đắk Lắk,Buôn Ma Thuột,P. Tân Lợi",108.059689083336,12.7192106360058
Đắk Lắk,66,Buôn Ma Thuột,643,P. Tân Thành,24142,"Đắk Lắk,Buôn Ma Thuột,P. Tân Thành",108.02133225682199,12.6666648178403
Đắk Lắk,66,Buôn Ma Thuột,643,P. Tân Tiến,24145,"Đắk Lắk,Buôn Ma Thuột,P. Tân Tiến",108.02847347378,12.676136439667498
Đắk Lắk,66,Buôn Ma Thuột,643,P. Thành Công,24139,"Đắk Lắk,Buôn Ma Thuột,P. Thành Công",108.03639861517799,12.687491559876198
Đắk Lắk,66,Buôn Ma Thuột,643,P. Thành Nhất,24130,"Đắk Lắk,Buôn Ma Thuột,P. Thành Nhất",108.002783384284,12.6816762199889
Đắk Lắk,66,Buôn Ma Thuột,643,P. Thống Nhất,24127,"Đắk Lắk,Buôn Ma Thuột,P. Thống Nhất",108.03843020357901,12.682309864145902
Đắk Lắk,66,Cư Kuin,657,Cư Ê Wi,24541,"Đắk Lắk,Cư Kuin,Cư Ê Wi",108.254852172544,12.6173743470546
Đắk Lắk,66,Cư Kuin,657,Dray Bhăng,24561,"Đắk Lắk,Cư Kuin,Dray Bhăng",108.13184155452299,12.552816904904699
Đắk Lắk,66,Cư Kuin,657,Ea BHốk,24550,"Đắk Lắk,Cư Kuin,Ea BHốk",108.188104221987,12.570760060112299
Đắk Lắk,66,Cư Kuin,657,Ea Hu,24553,"Đắk Lắk,Cư Kuin,Ea Hu",108.242061169639,12.5741214633218
Đắk Lắk,66,Cư Kuin,657,Ea Ktur,24544,"Đắk Lắk,Cư Kuin,Ea Ktur",108.159034980218,12.633368173132201
Đắk Lắk,66,Cư Kuin,657,Ea Ning,24540,"Đắk Lắk,Cư Kuin,Ea Ning",108.20592004301001,12.616943336527902
Đắk Lắk,66,Cư Kuin,657,Ea Tiêu,24547,"Đắk Lắk,Cư Kuin,Ea Tiêu",108.10439844497401,12.602102554970699
Đắk Lắk,66,Cư Kuin,657,Hòa Hiệp,24562,"Đắk Lắk,Cư Kuin,Hòa Hiệp",108.202126053948,12.5268583863025
Đắk Lắk,66,Cư M'Gar,648,Cư Dliê M'nông,24271,"Đắk Lắk,Cư M'Gar,Cư Dliê M'nông",108.160472633441,12.931222276085801
Đắk Lắk,66,Cư M'Gar,648,Cư M'gar,24289,"Đắk Lắk,Cư M'Gar,Cư M'gar",108.05087298637301,12.8429802986361
Đắk Lắk,66,Cư M'Gar,648,Cuor Đăng,24301,"Đắk Lắk,Cư M'Gar,Cuor Đăng",108.17874145508499,12.746861045237802
Đắk Lắk,66,Cư M'Gar,648,Cư Suê,24298,"Đắk Lắk,Cư M'Gar,Cư Suê",108.04335840899701,12.765229203691302
Đắk Lắk,66,Cư M'Gar,648,Ea D'Rơng,24292,"Đắk Lắk,Cư M'Gar,Ea D'Rơng",108.164664560843,12.7916332151979
Đắk Lắk,66,Cư M'Gar,648,Ea H'đinh,24274,"Đắk Lắk,Cư M'Gar,Ea H'đinh",108.046966902346,12.8896726864281
Đắk Lắk,66,Cư M'Gar,648,Ea Kiết,24265,"Đắk Lắk,Cư M'Gar,Ea Kiết",108.00420285811899,12.966275681128302
Đắk Lắk,66,Cư M'Gar,648,Ea KPam,24280,"Đắk Lắk,Cư M'Gar,Ea KPam",108.106028224682,12.8715941852102
Đắk Lắk,66,Cư M'Gar,648,Ea Kuêh,24264,"Đắk Lắk,Cư M'Gar,Ea Kuêh",108.059293423087,13.014123323401598
Đắk Lắk,66,Cư M'Gar,648,Ea M'DRóh,24283,"Đắk Lắk,Cư M'Gar,Ea M'DRóh",107.972238174601,12.9038971660693
Đắk Lắk,66,Cư M'Gar,648,Ea M'nang,24295,"Đắk Lắk,Cư M'Gar,Ea M'nang",107.994232831077,12.8168273763096
Đắk Lắk,66,Cư M'Gar,648,Ea Tar,24268,"Đắk Lắk,Cư M'Gar,Ea Tar",108.09873866865101,12.9357750411256
Đắk Lắk,66,Cư M'Gar,648,Ea Tul,24277,"Đắk Lắk,Cư M'Gar,Ea Tul",108.171466579039,12.867887447177
Đắk Lắk,66,Cư M'Gar,648,Quảng Hiệp,24286,"Đắk Lắk,Cư M'Gar,Quảng Hiệp",107.963899493617,12.848345409939698
Đắk Lắk,66,Cư M'Gar,648,Quảng Tiến,24262,"Đắk Lắk,Cư M'Gar,Quảng Tiến",108.090477733658,12.817375669293499
Đắk Lắk,66,Cư M'Gar,648,TT. Ea Pốk,24256,"Đắk Lắk,Cư M'Gar,TT. Ea Pốk",108.08279698478701,12.788240114149598
Đắk Lắk,66,Cư M'Gar,648,TT. Quảng Phú,24259,"Đắk Lắk,Cư M'Gar,TT. Quảng Phú",108.08537634490999,12.8245760069733
Đắk Lắk,66,Ea H'Leo,645,Cư A Mung,24194,"Đắk Lắk,Ea H'Leo,Cư A Mung",108.024900614509,13.184516093667
Đắk Lắk,66,Ea H'Leo,645,Cư Mốt,24196,"Đắk Lắk,Ea H'Leo,Cư Mốt",108.106694395523,13.2167859304756
Đắk Lắk,66,Ea H'Leo,645,Dlêi Yang,24205,"Đắk Lắk,Ea H'Leo,Dlêi Yang",108.261296524795,13.1895378678703
Đắk Lắk,66,Ea H'Leo,645,Ea Hiao,24199,"Đắk Lắk,Ea H'Leo,Ea Hiao",108.36728119198601,13.1832615648679
Đắk Lắk,66,Ea H'Leo,645,Ea H'leo,24184,"Đắk Lắk,Ea H'Leo,Ea H'leo",108.094906290881,13.3409003324355
Đắk Lắk,66,Ea H'Leo,645,Ea Khal,24202,"Đắk Lắk,Ea H'Leo,Ea Khal",108.145964161807,13.1728425265925
Đắk Lắk,66,Ea H'Leo,645,Ea Nam,24208,"Đắk Lắk,Ea H'Leo,Ea Nam",108.19501697516199,13.1367085883077
Đắk Lắk,66,Ea H'Leo,645,Ea Ral,24190,"Đắk Lắk,Ea H'Leo,Ea Ral",108.180257604804,13.255530953222001
Đắk Lắk,66,Ea H'Leo,645,Ea Sol,24187,"Đắk Lắk,Ea H'Leo,Ea Sol",108.302772512403,13.2850819542583
Đắk Lắk,66,Ea H'Leo,645,Ea Tir,24207,"Đắk Lắk,Ea H'Leo,Ea Tir",108.061165384757,13.105997964192099
Đắk Lắk,66,Ea H'Leo,645,Ea Wy,24193,"Đắk Lắk,Ea H'Leo,Ea Wy",108.046235201332,13.24361861307
Đắk Lắk,66,Ea H'Leo,645,TT. Ea Drăng,24181,"Đắk Lắk,Ea H'Leo,TT. Ea Drăng",108.20928950371,13.2052570448529
Đắk Lắk,66,Ea Kar,651,Cư Bông,24406,"Đắk Lắk,Ea Kar,Cư Bông",108.61632575670099,12.628279636440599
Đắk Lắk,66,Ea Kar,651,Cư ELang,24404,"Đắk Lắk,Ea Kar,Cư ELang",108.535571780522,12.6276278813115
Đắk Lắk,66,Ea Kar,651,Cư Huê,24385,"Đắk Lắk,Ea Kar,Cư Huê",108.40708888654899,12.834489154636099
Đắk Lắk,66,Ea Kar,651,Cư Jang,24409,"Đắk Lắk,Ea Kar,Cư Jang",108.64611340804501,12.677255677817099
Đắk Lắk,66,Ea Kar,651,Cư Ni,24397,"Đắk Lắk,Ea Kar,Cư Ni",108.50135530965099,12.7578848690935
Đắk Lắk,66,Ea Kar,651,Cư Prông,24401,"Đắk Lắk,Ea Kar,Cư Prông",108.631044172158,12.7426555142785
Đắk Lắk,66,Ea Kar,651,Ea Đar,24391,"Đắk Lắk,Ea Kar,Ea Đar",108.496480803615,12.8067491671355
Đắk Lắk,66,Ea Kar,651,Ea Kmút,24394,"Đắk Lắk,Ea Kar,Ea Kmút",108.453403031007,12.7575725061644
Đắk Lắk,66,Ea Kar,651,Ea Ô,24403,"Đắk Lắk,Ea Kar,Ea Ô",108.517072288419,12.692875455051901
Đắk Lắk,66,Ea Kar,651,Ea Păl,24400,"Đắk Lắk,Ea Kar,Ea Păl",108.564543230533,12.726015600964999
Đắk Lắk,66,Ea Kar,651,Ea Sar,24380,"Đắk Lắk,Ea Kar,Ea Sar",108.499764654759,12.872535871437499
Đắk Lắk,66,Ea Kar,651,Ea Sô,24379,"Đắk Lắk,Ea Kar,Ea Sô",108.58773123651,12.9520819965786
Đắk Lắk,66,Ea Kar,651,Ea Tih,24388,"Đắk Lắk,Ea Kar,Ea Tih",108.575727779156,12.818612165243302
Đắk Lắk,66,Ea Kar,651,TT. Ea Kar,24373,"Đắk Lắk,Ea Kar,TT. Ea Kar",108.455314380859,12.8319066950735
Đắk Lắk,66,Ea Kar,651,TT. Ea Knốp,24376,"Đắk Lắk,Ea Kar,TT. Ea Knốp",108.544586386114,12.8074289186849
Đắk Lắk,66,Ea Kar,651,Xuân Phú,24382,"Đắk Lắk,Ea Kar,Xuân Phú",108.453057919991,12.8692981900333
Đắk Lắk,66,Ea Súp,646,Cư KBang,24226,"Đắk Lắk,Ea Súp,Cư KBang",107.916700979645,13.178700407498699
Đắk Lắk,66,Ea Súp,646,Cư M'Lan,24232,"Đắk Lắk,Ea Súp,Cư M'Lan",107.874913283394,13.036981935810498
Đắk Lắk,66,Ea Súp,646,Ea Bung,24229,"Đắk Lắk,Ea Súp,Ea Bung",107.674561719282,13.114172627556
Đắk Lắk,66,Ea Súp,646,Ea Lê,24223,"Đắk Lắk,Ea Súp,Ea Lê",107.91088956200899,13.119003715360801
Đắk Lắk,66,Ea Súp,646,Ea Rốki,24217,"Đắk Lắk,Ea Súp,Ea Rốki",107.904870856411,13.236748640625901
Đắk Lắk,66,Ea Súp,646,Ia JLơi,24215,"Đắk Lắk,Ea Súp,Ia JLơi",107.86358803538799,13.314915039445902
Đắk Lắk,66,Ea Súp,646,Ia Lốp,24214,"Đắk Lắk,Ea Súp,Ia Lốp",107.72990842445299,13.3160650105695
Đắk Lắk,66,Ea Súp,646,Ia RVê,24221,"Đắk Lắk,Ea Súp,Ia RVê",107.649823813862,13.2245381690096
Đắk Lắk,66,Ea Súp,646,TT. Ea Súp,24211,"Đắk Lắk,Ea Súp,TT. Ea Súp",107.889370306206,13.065453893513
Đắk Lắk,66,Ea Súp,646,Ya Tờ Mốt,24220,"Đắk Lắk,Ea Súp,Ya Tờ Mốt",107.760501361743,13.1683430715505
Đắk Lắk,66,Krông Ana,655,Băng A Drênh,24568,"Đắk Lắk,Krông Ana,Băng A Drênh",108.116586275308,12.5006340124609
Đắk Lắk,66,Krông Ana,655,Bình Hòa,24574,"Đắk Lắk,Krông Ana,Bình Hòa",107.988168772264,12.433181215444
Đắk Lắk,66,Krông Ana,655,Dray Sáp,24556,"Đắk Lắk,Krông Ana,Dray Sáp",107.958922025927,12.5561447670469
Đắk Lắk,66,Krông Ana,655,Dur KMăl,24571,"Đắk Lắk,Krông Ana,Dur KMăl",108.12189064561399,12.4566686130065
Đắk Lắk,66,Krông Ana,655,Ea Bông,24565,"Đắk Lắk,Krông Ana,Ea Bông",108.0610340322,12.5321274678024
Đắk Lắk,66,Krông Ana,655,Ea Na,24559,"Đắk Lắk,Krông Ana,Ea Na",107.986935864206,12.525402032811902
Đắk Lắk,66,Krông Ana,655,Quảng Điền,24577,"Đắk Lắk,Krông Ana,Quảng Điền",108.04045288441,12.433702684803698
Đắk Lắk,66,Krông Ana,655,TT. Buôn Trấp,24538,"Đắk Lắk,Krông Ana,TT. Buôn Trấp",108.035290357761,12.4869615182503
Đắk Lắk,66,Krông Bông,653,Cư Drăm,24484,"Đắk Lắk,Krông Bông,Cư Drăm",108.62428518375401,12.4861321427211
Đắk Lắk,66,Krông Bông,653,Cư KTy,24454,"Đắk Lắk,Krông Bông,Cư KTy",108.355206593602,12.563667028930302
Đắk Lắk,66,Krông Bông,653,Cư Pui,24478,"Đắk Lắk,Krông Bông,Cư Pui",108.600375266106,12.5434570409729
Đắk Lắk,66,Krông Bông,653,Dang Kang,24451,"Đắk Lắk,Krông Bông,Dang Kang",108.321344137078,12.606053810837901
Đắk Lắk,66,Krông Bông,653,Ea Trul,24472,"Đắk Lắk,Krông Bông,Ea Trul",108.259024694623,12.4962522382144
Đắk Lắk,66,Krông Bông,653,Hòa Lễ,24466,"Đắk Lắk,Krông Bông,Hòa Lễ",108.403228327593,12.4775527612508
Đắk Lắk,66,Krông Bông,653,Hòa Phong,24463,"Đắk Lắk,Krông Bông,Hòa Phong",108.478620473659,12.520971471718699
Đắk Lắk,66,Krông Bông,653,Hòa Sơn,24481,"Đắk Lắk,Krông Bông,Hòa Sơn",108.303050202943,12.483300222292199
Đắk Lắk,66,Krông Bông,653,Hòa Tân,24460,"Đắk Lắk,Krông Bông,Hòa Tân",108.29010908248001,12.543552217957302
Đắk Lắk,66,Krông Bông,653,Hòa Thành,24457,"Đắk Lắk,Krông Bông,Hòa Thành",108.288522734162,12.573223243722401
Đắk Lắk,66,Krông Bông,653,Khuê Ngọc Điền,24475,"Đắk Lắk,Krông Bông,Khuê Ngọc Điền",108.35041338194901,12.4860573113948
Đắk Lắk,66,Krông Bông,653,TT. Krông Kmar,24448,"Đắk Lắk,Krông Bông,TT. Krông Kmar",108.33480410269699,12.5055947352636
Đắk Lắk,66,Krông Bông,653,Yang Mao,24487,"Đắk Lắk,Krông Bông,Yang Mao",108.574407345319,12.3732228519423
Đắk Lắk,66,Krông Bông,653,Yang Reh,24469,"Đắk Lắk,Krông Bông,Yang Reh",108.212465954731,12.4962128311903
Đắk Lắk,66,Krông Búk,649,Chư KBô,24310,"Đắk Lắk,Krông Búk,Chư KBô",108.245508290469,13.0238521063431
Đắk Lắk,66,Krông Búk,649,Cư Né,24307,"Đắk Lắk,Krông Búk,Cư Né",108.234746851307,13.0818339897661
Đắk Lắk,66,Krông Búk,649,Cư Pơng,24313,"Đắk Lắk,Krông Búk,Cư Pơng",108.149166266822,13.0125163383339
Đắk Lắk,66,Krông Búk,649,Ea Ngai,24319,"Đắk Lắk,Krông Búk,Ea Ngai",108.206107464209,12.9484015575284
Đắk Lắk,66,Krông Búk,649,Ea Sin,24314,"Đắk Lắk,Krông Búk,Ea Sin",108.155132169655,13.080374849251802
Đắk Lắk,66,Krông Búk,649,Pơng Drang,24316,"Đắk Lắk,Krông Búk,Pơng Drang",108.24034340325599,12.9730113606936
Đắk Lắk,66,Krông Búk,649,Tân Lập,24317,"Đắk Lắk,Krông Búk,Tân Lập",108.27842211744101,12.961316197224699
Đắk Lắk,66,Krông Năng,650,Cư Klông,24367,"Đắk Lắk,Krông Năng,Cư Klông",108.451423035538,13.090993956066198
Đắk Lắk,66,Krông Năng,650,ĐLiê Ya,24346,"Đắk Lắk,Krông Năng,ĐLiê Ya",108.37925671699101,13.093403717201399
Đắk Lắk,66,Krông Năng,650,Ea Dăh,24360,"Đắk Lắk,Krông Năng,Ea Dăh",108.45170619562799,12.920007198605001
Đắk Lắk,66,Krông Năng,650,Ea Hồ,24361,"Đắk Lắk,Krông Năng,Ea Hồ",108.30722836761,12.970015117869599
Đắk Lắk,66,Krông Năng,650,Ea Puk,24359,"Đắk Lắk,Krông Năng,Ea Puk",108.454259052892,12.973015175638098
Đắk Lắk,66,Krông Năng,650,Ea Tam,24352,"Đắk Lắk,Krông Năng,Ea Tam",108.442595739881,13.031009269653302
Đắk Lắk,66,Krông Năng,650,Ea Tân,24370,"Đắk Lắk,Krông Năng,Ea Tân",108.32170368007,13.110726699163001
Đắk Lắk,66,Krông Năng,650,Ea Tóh,24349,"Đắk Lắk,Krông Năng,Ea Tóh",108.315663848814,13.0416583117018
Đắk Lắk,66,Krông Năng,650,Phú Lộc,24355,"Đắk Lắk,Krông Năng,Phú Lộc",108.35202443604099,12.991532439353099
Đắk Lắk,66,Krông Năng,650,Phú Xuân,24364,"Đắk Lắk,Krông Năng,Phú Xuân",108.384001315095,12.892960934169299
Đắk Lắk,66,Krông Năng,650,Tam Giang,24358,"Đắk Lắk,Krông Năng,Tam Giang",108.399686738118,12.967650255555698
Đắk Lắk,66,Krông Năng,650,TT. Krông Năng,24343,"Đắk Lắk,Krông Năng,TT. Krông Năng",108.363238666867,12.9447491576014
Đắk Lắk,66,Krông Pắc,654,Ea Hiu,24520,"Đắk Lắk,Krông Pắc,Ea Hiu",108.369370779433,12.679669463313699
Đắk Lắk,66,Krông Pắc,654,Ea Kênh,24499,"Đắk Lắk,Krông Pắc,Ea Kênh",108.243406455082,12.7034193244979
Đắk Lắk,66,Krông Pắc,654,Ea Kly,24496,"Đắk Lắk,Krông Pắc,Ea Kly",108.423509282615,12.732966228946301
Đắk Lắk,66,Krông Pắc,654,Ea KNuec,24505,"Đắk Lắk,Krông Pắc,Ea KNuec",108.217922208306,12.6948353380879
Đắk Lắk,66,Krông Pắc,654,Ea Kuăng,24514,"Đắk Lắk,Krông Pắc,Ea Kuăng",108.38985598264799,12.6908424992318
Đắk Lắk,66,Krông Pắc,654,Ea Phê,24502,"Đắk Lắk,Krông Pắc,Ea Phê",108.34688836917299,12.7601492771943
Đắk Lắk,66,Krông Pắc,654,Ea Uy,24532,"Đắk Lắk,Krông Pắc,Ea Uy",108.389308747436,12.6290654082834
Đắk Lắk,66,Krông Pắc,654,Ea Yiêng,24535,"Đắk Lắk,Krông Pắc,Ea Yiêng",108.38842410765899,12.584889217968499
Đắk Lắk,66,Krông Pắc,654,Ea Yông,24508,"Đắk Lắk,Krông Pắc,Ea Yông",108.282741880278,12.703813036452999
Đắk Lắk,66,Krông Pắc,654,Hòa An,24511,"Đắk Lắk,Krông Pắc,Hòa An",108.331863547038,12.7211137010217
Đắk Lắk,66,Krông Pắc,654,Hòa Đông,24517,"Đắk Lắk,Krông Pắc,Hòa Đông",108.175236504882,12.688220036811199
Đắk Lắk,66,Krông Pắc,654,Hòa Tiến,24523,"Đắk Lắk,Krông Pắc,Hòa Tiến",108.314482170625,12.664999122364302
Đắk Lắk,66,Krông Pắc,654,KRông Búk,24493,"Đắk Lắk,Krông Pắc,KRông Búk",108.3819835915,12.7888355201639
Đắk Lắk,66,Krông Pắc,654,Tân Tiến,24526,"Đắk Lắk,Krông Pắc,Tân Tiến",108.33637381876,12.6456448794487
Đắk Lắk,66,Krông Pắc,654,TT. Phước An,24490,"Đắk Lắk,Krông Pắc,TT. Phước An",108.308536394877,12.7127343891885
Đắk Lắk,66,Krông Pắc,654,Vụ Bổn,24529,"Đắk Lắk,Krông Pắc,Vụ Bổn",108.44630645031499,12.6243315195682
Đắk Lắk,66,Lắk,656,Bông Krang,24586,"Đắk Lắk,Lắk,Bông Krang",108.35471511333598,12.366187473365601
Đắk Lắk,66,Lắk,656,Buôn Tría,24595,"Đắk Lắk,Lắk,Buôn Tría",108.110916689268,12.3851574024052
Đắk Lắk,66,Lắk,656,Buôn Triết,24592,"Đắk Lắk,Lắk,Buôn Triết",108.05392679885,12.386780096502
Đắk Lắk,66,Lắk,656,Đắk Liêng,24589,"Đắk Lắk,Lắk,Đắk Liêng",108.15767091905501,12.405033269638698
Đắk Lắk,66,Lắk,656,Đắk Nuê,24601,"Đắk Lắk,Lắk,Đắk Nuê",108.152513610898,12.305476511129699
Đắk Lắk,66,Lắk,656,Đắk Phơi,24598,"Đắk Lắk,Lắk,Đắk Phơi",108.24643976856899,12.3177474563665
Đắk Lắk,66,Lắk,656,Ea R'Bin,24610,"Đắk Lắk,Lắk,Ea R'Bin",107.966287037036,12.360793514219901
Đắk Lắk,66,Lắk,656,Krông Nô,24604,"Đắk Lắk,Lắk,Krông Nô",108.255252437861,12.240125899591598
Đắk Lắk,66,Lắk,656,Nam Ka,24607,"Đắk Lắk,Lắk,Nam Ka",108.056054221862,12.311295602779
Đắk Lắk,66,Lắk,656,TT. Liên Sơn,24580,"Đắk Lắk,Lắk,TT. Liên Sơn",108.182535016999,12.4093256154805
Đắk Lắk,66,Lắk,656,Yang Tao,24583,"Đắk Lắk,Lắk,Yang Tao",108.233645555881,12.446507261099802
Đắk Lắk,66,M'Đrắk,652,Cư K Róa,24439,"Đắk Lắk,M'Đrắk,Cư K Róa",108.899834538052,12.7266961967049
Đắk Lắk,66,M'Đrắk,652,Cư M'ta,24436,"Đắk Lắk,M'Đrắk,Cư M'ta",108.770793573692,12.70716499221
Đắk Lắk,66,M'Đrắk,652,Cư Prao,24415,"Đắk Lắk,M'Đrắk,Cư Prao",108.706022979054,12.8895697625865
Đắk Lắk,66,M'Đrắk,652,Cư San,24444,"Đắk Lắk,M'Đrắk,Cư San",108.77618247093201,12.5435011963064
Đắk Lắk,66,M'Đrắk,652,Ea H'MLay,24424,"Đắk Lắk,M'Đrắk,Ea H'MLay",108.805406125681,12.827817567452199
Đắk Lắk,66,M'Đrắk,652,Ea Lai,24421,"Đắk Lắk,M'Đrắk,Ea Lai",108.736324550597,12.8284287271907
Đắk Lắk,66,M'Đrắk,652,Ea M' Doal,24430,"Đắk Lắk,M'Đrắk,Ea M' Doal",108.87481177286101,12.7946273740329
Đắk Lắk,66,M'Đrắk,652,Ea Pil,24418,"Đắk Lắk,M'Đrắk,Ea Pil",108.631929953601,12.817094779216099
Đắk Lắk,66,M'Đrắk,652,Ea Riêng,24433,"Đắk Lắk,M'Đrắk,Ea Riêng",108.80380492945,12.76602175993
Đắk Lắk,66,M'Đrắk,652,Ea Trang,24445,"Đắk Lắk,M'Đrắk,Ea Trang",108.869750188594,12.621951897249101
Đắk Lắk,66,M'Đrắk,652,Krông á,24442,"Đắk Lắk,M'Đrắk,Krông á",108.718022074636,12.6775851800156
Đắk Lắk,66,M'Đrắk,652,Krông Jing,24427,"Đắk Lắk,M'Đrắk,Krông Jing",108.704748730795,12.7682342041591
Đắk Lắk,66,M'Đrắk,652,TT. M'Đrắk,24412,"Đắk Lắk,M'Đrắk,TT. M'Đrắk",108.741290289703,12.7484013591
Đắk Lắk,66,TX. Buôn Hồ,644,Bình Thuận,24337,"Đắk Lắk,TX. Buôn Hồ,Bình Thuận",108.283428707594,12.795307179565802
Đắk Lắk,66,TX. Buôn Hồ,644,Cư Bao,24340,"Đắk Lắk,TX. Buôn Hồ,Cư Bao",108.227983296799,12.801536455237699
Đắk Lắk,66,TX. Buôn Hồ,644,Ea Blang,24325,"Đắk Lắk,TX. Buôn Hồ,Ea Blang",108.294309212993,12.8770505552355
Đắk Lắk,66,TX. Buôn Hồ,644,Ea Drông,24328,"Đắk Lắk,TX. Buôn Hồ,Ea Drông",108.337732768033,12.8848220189231
Đắk Lắk,66,TX. Buôn Hồ,644,Ea Siên,24334,"Đắk Lắk,TX. Buôn Hồ,Ea Siên",108.321282390182,12.8304096118278
Đắk Lắk,66,TX. Buôn Hồ,644,P. An Bình,24308,"Đắk Lắk,TX. Buôn Hồ,P. An Bình",108.247534297311,12.913667996490199
Đắk Lắk,66,TX. Buôn Hồ,644,P. An Lạc,24305,"Đắk Lắk,TX. Buôn Hồ,P. An Lạc",108.27596811100099,12.914740152736401
Đắk Lắk,66,TX. Buôn Hồ,644,P. Bình Tân,24332,"Đắk Lắk,TX. Buôn Hồ,P. Bình Tân",108.243061387729,12.832985895850301
Đắk Lắk,66,TX. Buôn Hồ,644,P. Đạt Hiếu,24318,"Đắk Lắk,TX. Buôn Hồ,P. Đạt Hiếu",108.254443939193,12.933827210840398
Đắk Lắk,66,TX. Buôn Hồ,644,P. Đoàn Kết,24322,"Đắk Lắk,TX. Buôn Hồ,P. Đoàn Kết",108.23476271684099,12.888953407149401
Đắk Nông,67,Cư Jút,662,Cư Knia,24658,"Đắk Nông,Cư Jút,Cư Knia",107.811626445575,12.6015529442607
Đắk Nông,67,Cư Jút,662,Đắk Drông,24652,"Đắk Nông,Cư Jút,Đắk Drông",107.79637352301701,12.639873513721001
Đắk Nông,67,Cư Jút,662,Đắk Wil,24643,"Đắk Nông,Cư Jút,Đắk Wil",107.697696646126,12.7180413204862
Đắk Nông,67,Cư Jút,662,Ea Pô,24646,"Đắk Nông,Cư Jút,Ea Pô",107.85508849790001,12.7360024442506
Đắk Nông,67,Cư Jút,662,Nam Dong,24649,"Đắk Nông,Cư Jút,Nam Dong",107.872913417115,12.646893731460901
Đắk Nông,67,Cư Jút,662,Tâm Thắng,24655,"Đắk Nông,Cư Jút,Tâm Thắng",107.91160245686399,12.611441186384099
Đắk Nông,67,Cư Jút,662,Trúc Sơn,24661,"Đắk Nông,Cư Jút,Trúc Sơn",107.850689556019,12.5794007481951
Đắk Nông,67,Cư Jút,662,TT. Ea T'Ling,24640,"Đắk Nông,Cư Jút,TT. Ea T'Ling",107.887152393202,12.5844331244347
Đắk Nông,67,Đắk Glong,661,Đắk Ha,24622,"Đắk Nông,Đắk Glong,Đắk Ha",107.798597313265,12.045570564602098
Đắk Nông,67,Đắk Glong,661,Đắk Plao,24634,"Đắk Nông,Đắk Glong,Đắk Plao",107.861296025215,11.9518588560692
Đắk Nông,67,Đắk Glong,661,Đắk R'Măng,24625,"Đắk Nông,Đắk Glong,Đắk R'Măng",107.943175540415,12.015168786228198
Đắk Nông,67,Đắk Glong,661,Đắk Som,24637,"Đắk Nông,Đắk Glong,Đắk Som",107.992788491483,11.880686290441899
Đắk Nông,67,Đắk Glong,661,Quảng Hòa,24620,"Đắk Nông,Đắk Glong,Quảng Hòa",108.052414780403,12.1653802885958
Đắk Nông,67,Đắk Glong,661,Quảng Khê,24631,"Đắk Nông,Đắk Glong,Quảng Khê",107.799954703106,11.8995261536769
Đắk Nông,67,Đắk Glong,661,Quảng Sơn,24616,"Đắk Nông,Đắk Glong,Quảng Sơn",107.874200895352,12.1704263100035
Đắk Nông,67,Đắk Mil,663,Đắk Gằn,24673,"Đắk Nông,Đắk Mil,Đắk Gằn",107.80623094001801,12.541847151465001
Đắk Nông,67,Đắk Mil,663,Đắk Lao,24667,"Đắk Nông,Đắk Mil,Đắk Lao",107.620005365547,12.571057431356301
Đắk Nông,67,Đắk Mil,663,Đắk N'Drót,24677,"Đắk Nông,Đắk Mil,Đắk N'Drót",107.694325467558,12.5183612863926
Đắk Nông,67,Đắk Mil,663,Đắk R'La,24670,"Đắk Nông,Đắk Mil,Đắk R'La",107.735659372174,12.553785066840199
Đắk Nông,67,Đắk Mil,663,Đắk Sắk,24679,"Đắk Nông,Đắk Mil,Đắk Sắk",107.690170377207,12.4162898165696
Đắk Nông,67,Đắk Mil,663,Đức Mạnh,24676,"Đắk Nông,Đắk Mil,Đức Mạnh",107.670341041669,12.473908649188399
Đắk Nông,67,Đắk Mil,663,Đức Minh,24685,"Đắk Nông,Đắk Mil,Đức Minh",107.62280058957501,12.4045930870575
Đắk Nông,67,Đắk Mil,663,Long Sơn,24678,"Đắk Nông,Đắk Mil,Long Sơn",107.729330353978,12.447791584516999
Đắk Nông,67,Đắk Mil,663,Thuận An,24682,"Đắk Nông,Đắk Mil,Thuận An",107.57586594092301,12.393241599486899
Đắk Nông,67,Đắk Mil,663,TT. Đắk Mil,24664,"Đắk Nông,Đắk Mil,TT. Đắk Mil",107.619054712558,12.4470977686244
Đắk Nông,67,Đắk RLấp,666,Đắk Ru,24763,"Đắk Nông,Đắk RLấp,Đắk Ru",107.426355882766,11.9047560516786
Đắk Nông,67,Đắk RLấp,666,Đắk Sin,24760,"Đắk Nông,Đắk RLấp,Đắk Sin",107.507532599282,11.8585011655336
Đắk Nông,67,Đắk RLấp,666,Đắk Wer,24750,"Đắk Nông,Đắk RLấp,Đắk Wer",107.56197070573299,12.0045289029956
Đắk Nông,67,Đắk RLấp,666,Đạo Nghĩa,24757,"Đắk Nông,Đắk RLấp,Đạo Nghĩa",107.569352103474,11.8560400581656
Đắk Nông,67,Đắk RLấp,666,Hưng Bình,24761,"Đắk Nông,Đắk RLấp,Hưng Bình",107.441969302954,11.809059321779099
Đắk Nông,67,Đắk RLấp,666,Kiến Thành,24754,"Đắk Nông,Đắk RLấp,Kiến Thành",107.50416205523399,11.9868486042945
Đắk Nông,67,Đắk RLấp,666,Nghĩa Thắng,24756,"Đắk Nông,Đắk RLấp,Nghĩa Thắng",107.551511060484,11.913375001777
Đắk Nông,67,Đắk RLấp,666,Nhân Cơ,24751,"Đắk Nông,Đắk RLấp,Nhân Cơ",107.617174084161,11.9625479379242
Đắk Nông,67,Đắk RLấp,666,Nhân Đạo,24766,"Đắk Nông,Đắk RLấp,Nhân Đạo",107.60744060396,11.913593430368
Đắk Nông,67,Đắk RLấp,666,Quảng Tín,24745,"Đắk Nông,Đắk RLấp,Quảng Tín",107.448465962671,11.9555474983215
Đắk Nông,67,Đắk RLấp,666,TT. Kiến Đức,24733,"Đắk Nông,Đắk RLấp,TT. Kiến Đức",107.50332335913299,12.0019451751511
Đắk Nông,67,Đắk Song,665,Đắk Hòa,24719,"Đắk Nông,Đắk Song,Đắk Hòa",107.67911622253,12.3082812342068
Đắk Nông,67,Đắk Song,665,Đắk Môl,24718,"Đắk Nông,Đắk Song,Đắk Môl",107.699676358498,12.3431398037938
Đắk Nông,67,Đắk Song,665,Đắk N'Drung,24727,"Đắk Nông,Đắk Song,Đắk N'Drung",107.564417339849,12.2035553400136
Đắk Nông,67,Đắk Song,665,Nam Bình,24721,"Đắk Nông,Đắk Song,Nam Bình",107.615898055917,12.281193866781699
Đắk Nông,67,Đắk Song,665,Nâm N'Jang,24728,"Đắk Nông,Đắk Song,Nâm N'Jang",107.66419376464899,12.1920563847211
Đắk Nông,67,Đắk Song,665,Thuận Hà,24722,"Đắk Nông,Đắk Song,Thuận Hà",107.506285714562,12.2622177202362
Đắk Nông,67,Đắk Song,665,Thuận Hạnh,24724,"Đắk Nông,Đắk Song,Thuận Hạnh",107.52846320659599,12.312026743305099
Đắk Nông,67,Đắk Song,665,Trường Xuân,24730,"Đắk Nông,Đắk Song,Trường Xuân",107.63894246852101,12.105752656517101
Đắk Nông,67,Đắk Song,665,TT. Đức An,24717,"Đắk Nông,Đắk Song,TT. Đức An",107.617935564384,12.2519205036622
Đắk Nông,67,KRông Nô,664,Buôn Choah,24694,"Đắk Nông,KRông Nô,Buôn Choah",107.957073102397,12.474712976666
Đắk Nông,67,KRông Nô,664,Đắk DRô,24700,"Đắk Nông,KRông Nô,Đắk DRô",107.872618579202,12.4333043442291
Đắk Nông,67,KRông Nô,664,Đắk Nang,24709,"Đắk Nông,KRông Nô,Đắk Nang",107.93345294171,12.287489731484301
Đắk Nông,67,KRông Nô,664,Đắk Sôr,24691,"Đắk Nông,KRông Nô,Đắk Sôr",107.87390762007901,12.5199438320268
Đắk Nông,67,KRông Nô,664,Đức Xuyên,24706,"Đắk Nông,KRông Nô,Đức Xuyên",107.870679656944,12.2869388395418
Đắk Nông,67,KRông Nô,664,Nam Đà,24697,"Đắk Nông,KRông Nô,Nam Đà",107.894006606444,12.4899208564835
Đắk Nông,67,KRông Nô,664,Nâm N'Đir,24715,"Đắk Nông,KRông Nô,Nâm N'Đir",107.855515572641,12.337572204693
Đắk Nông,67,KRông Nô,664,Nam Nung,24703,"Đắk Nông,KRông Nô,Nam Nung",107.797452559925,12.351074546846002
Đắk Nông,67,KRông Nô,664,Nam Xuân,24692,"Đắk Nông,KRông Nô,Nam Xuân",107.786197368794,12.479748918378698
Đắk Nông,67,KRông Nô,664,Quảng Phú,24712,"Đắk Nông,KRông Nô,Quảng Phú",108.02159670406401,12.2474996588464
Đắk Nông,67,KRông Nô,664,Tân Thành,24699,"Đắk Nông,KRông Nô,Tân Thành",107.764444731673,12.403534841762301
Đắk Nông,67,KRông Nô,664,TT. Đắk Mâm,24688,"Đắk Nông,KRông Nô,TT. Đắk Mâm",107.819410553084,12.457942519123002
Đắk Nông,67,Tuy Đức,667,Đắk Búk So,24739,"Đắk Nông,Tuy Đức,Đắk Búk So",107.47729802552601,12.2121257817485
Đắk Nông,67,Tuy Đức,667,Đắk Ngo,24746,"Đắk Nông,Tuy Đức,Đắk Ngo",107.377649313031,12.035107139663
Đắk Nông,67,Tuy Đức,667,Đắk R'Tih,24742,"Đắk Nông,Tuy Đức,Đắk R'Tih",107.488727846495,12.114904248091301
Đắk Nông,67,Tuy Đức,667,Quảng Tâm,24740,"Đắk Nông,Tuy Đức,Quảng Tâm",107.43687694699499,12.161184092199099
Đắk Nông,67,Tuy Đức,667,Quảng Tân,24748,"Đắk Nông,Tuy Đức,Quảng Tân",107.498175799934,12.0525843511791
Đắk Nông,67,Tuy Đức,667,Quảng Trực,24736,"Đắk Nông,Tuy Đức,Quảng Trực",107.304478687283,12.184761058931901
Đắk Nông,67,TX. Gia Nghĩa,660,Đắk Nia,24628,"Đắk Nông,TX. Gia Nghĩa,Đắk Nia",107.721664565037,11.9517679567415
Đắk Nông,67,TX. Gia Nghĩa,660,Đắk R'Moan,24618,"Đắk Nông,TX. Gia Nghĩa,Đắk R'Moan",107.62303332664499,12.023082097653802
Đắk Nông,67,TX. Gia Nghĩa,660,P. Nghĩa Đức,24611,"Đắk Nông,TX. Gia Nghĩa,P. Nghĩa Đức",107.713256729939,12.014636789651
Đắk Nông,67,TX. Gia Nghĩa,660,P. Nghĩa Phú,24614,"Đắk Nông,TX. Gia Nghĩa,P. Nghĩa Phú",107.66217320260598,12.0017147428365
Đắk Nông,67,TX. Gia Nghĩa,660,P. Nghĩa Tân,24615,"Đắk Nông,TX. Gia Nghĩa,P. Nghĩa Tân",107.66819900451799,11.967961016017
Đắk Nông,67,TX. Gia Nghĩa,660,P. Nghĩa Thành,24612,"Đắk Nông,TX. Gia Nghĩa,P. Nghĩa Thành",107.68604012621,12.0141398926502
Đắk Nông,67,TX. Gia Nghĩa,660,P. Nghĩa Trung,24617,"Đắk Nông,TX. Gia Nghĩa,P. Nghĩa Trung",107.692148455954,11.978432619854699
Đắk Nông,67,TX. Gia Nghĩa,660,Quảng Thành,24619,"Đắk Nông,TX. Gia Nghĩa,Quảng Thành",107.720161734141,12.075122171338998
Gia Lai,64,Chư Păh,627,Chư Đăng Ya,23746,"Gia Lai,Chư Păh,Chư Đăng Ya",108.05419376676599,14.1314549268627
Gia Lai,64,Chư Păh,627,Chư Jôr,23758,"Gia Lai,Chư Păh,Chư Jôr",108.03323197165199,14.0974919980041
Gia Lai,64,Chư Păh,627,Đăk Tơ Ver,23740,"Gia Lai,Chư Păh,Đăk Tơ Ver",108.078922477305,14.198061398592902
Gia Lai,64,Chư Păh,627,Hà Tây,23725,"Gia Lai,Chư Păh,Hà Tây",108.14072722151501,14.2905272651068
Gia Lai,64,Chư Păh,627,Hòa Phú,23743,"Gia Lai,Chư Păh,Hòa Phú",107.97379956979,14.156488762897698
Gia Lai,64,Chư Păh,627,Ia Ka,23749,"Gia Lai,Chư Păh,Ia Ka",107.82470953392401,14.1265103386059
Gia Lai,64,Chư Păh,627,Ia Khươl,23728,"Gia Lai,Chư Păh,Ia Khươl",108.00576220980601,14.2123741188629
Gia Lai,64,Chư Păh,627,Ia Kreng,23738,"Gia Lai,Chư Păh,Ia Kreng",107.726439374238,14.174285207292499
Gia Lai,64,Chư Păh,627,Ia Mơ Nông,23737,"Gia Lai,Chư Păh,Ia Mơ Nông",107.82250704424601,14.1713165664278
Gia Lai,64,Chư Păh,627,Ia Nhin,23752,"Gia Lai,Chư Păh,Ia Nhin",107.86889169387199,14.1059360128402
Gia Lai,64,Chư Păh,627,Ia Phí,23731,"Gia Lai,Chư Păh,Ia Phí",107.905597861101,14.2237797951841
Gia Lai,64,Chư Păh,627,Nghĩa Hòa,23755,"Gia Lai,Chư Păh,Nghĩa Hòa",107.92065530747499,14.1094512496941
Gia Lai,64,Chư Păh,627,Nghĩa Hưng,23761,"Gia Lai,Chư Păh,Nghĩa Hưng",107.992213858783,14.084651390082099
Gia Lai,64,Chư Păh,627,TT. Ia Ly,23734,"Gia Lai,Chư Păh,TT. Ia Ly",107.851013451266,14.2261617810971
Gia Lai,64,Chư Păh,627,TT. Phú Hòa,23722,"Gia Lai,Chư Păh,TT. Phú Hòa",107.974156612436,14.1139729433084
Gia Lai,64,Chư Prông,632,Bàu Cạn,23899,"Gia Lai,Chư Prông,Bàu Cạn",107.920332471968,13.852598849189
Gia Lai,64,Chư Prông,632,Bình Giáo,23890,"Gia Lai,Chư Prông,Bình Giáo",107.85177979545,13.8287214550802
Gia Lai,64,Chư Prông,632,Ia Bang,23924,"Gia Lai,Chư Prông,Ia Bang",107.983684562164,13.7146305515858
Gia Lai,64,Chư Prông,632,Ia Băng,23905,"Gia Lai,Chư Prông,Ia Băng",107.988967025608,13.8067162598679
Gia Lai,64,Chư Prông,632,Ia Boòng,23911,"Gia Lai,Chư Prông,Ia Boòng",107.82183370839898,13.6885467358478
Gia Lai,64,Chư Prông,632,Ia Drang,23893,"Gia Lai,Chư Prông,Ia Drang",107.850435611461,13.7672332725179
Gia Lai,64,Chư Prông,632,Ia Ga,23929,"Gia Lai,Chư Prông,Ia Ga",107.854826078175,13.5704356023492
Gia Lai,64,Chư Prông,632,Ia Kly,23888,"Gia Lai,Chư Prông,Ia Kly",107.922584925152,13.739953980839
Gia Lai,64,Chư Prông,632,Ia Lâu,23932,"Gia Lai,Chư Prông,Ia Lâu",107.876304928598,13.4904565198594
Gia Lai,64,Chư Prông,632,Ia Me,23920,"Gia Lai,Chư Prông,Ia Me",107.864687439871,13.663957114995899
Gia Lai,64,Chư Prông,632,Ia Mơ,23938,"Gia Lai,Chư Prông,Ia Mơ",107.710101155545,13.461707191524901
Gia Lai,64,Chư Prông,632,Ia O,23914,"Gia Lai,Chư Prông,Ia O",107.795635456352,13.7120883503228
Gia Lai,64,Chư Prông,632,Ia Phìn,23902,"Gia Lai,Chư Prông,Ia Phìn",107.94256067904301,13.7951752291516
Gia Lai,64,Chư Prông,632,Ia Pia,23926,"Gia Lai,Chư Prông,Ia Pia",107.91815271898899,13.645188511901699
Gia Lai,64,Chư Prông,632,Ia Piơr,23935,"Gia Lai,Chư Prông,Ia Piơr",107.86337606186599,13.423182678863
Gia Lai,64,Chư Prông,632,Ia Púch,23917,"Gia Lai,Chư Prông,Ia Púch",107.692192329642,13.619687382142802
Gia Lai,64,Chư Prông,632,Ia Tôr,23908,"Gia Lai,Chư Prông,Ia Tôr",107.955418997126,13.7278048291811
Gia Lai,64,Chư Prông,632,Ia Vê,23923,"Gia Lai,Chư Prông,Ia Vê",107.96247701941,13.6235992567127
Gia Lai,64,Chư Prông,632,Thăng Hưng,23896,"Gia Lai,Chư Prông,Thăng Hưng",107.90076225457399,13.823747079403999
Gia Lai,64,Chư Prông,632,TT. Chư Prông,23887,"Gia Lai,Chư Prông,TT. Chư Prông",107.893421809877,13.749252036440199
Gia Lai,64,Chư Pưh,639,Chư Don,23980,"Gia Lai,Chư Pưh,Chư Don",108.061201591504,13.5398481942869
Gia Lai,64,Chư Pưh,639,Ia Blứ,23987,"Gia Lai,Chư Pưh,Ia Blứ",108.00539368539101,13.446045645755401
Gia Lai,64,Chư Pưh,639,Ia Dreng,23974,"Gia Lai,Chư Pưh,Ia Dreng",108.07609693719,13.5981480859114
Gia Lai,64,Chư Pưh,639,Ia Hla,23978,"Gia Lai,Chư Pưh,Ia Hla",107.985800533291,13.5489062933181
Gia Lai,64,Chư Pưh,639,Ia Hrú,23971,"Gia Lai,Chư Pưh,Ia Hrú",108.137470907131,13.5780625662097
Gia Lai,64,Chư Pưh,639,Ia Le,23986,"Gia Lai,Chư Pưh,Ia Le",108.14730970301599,13.432883810538002
Gia Lai,64,Chư Pưh,639,Ia Phang,23983,"Gia Lai,Chư Pưh,Ia Phang",108.165924744982,13.5052539500674
Gia Lai,64,Chư Pưh,639,Ia Rong,23972,"Gia Lai,Chư Pưh,Ia Rong",108.13630845429199,13.615495258487801
Gia Lai,64,Chư Pưh,639,TT. Nhơn Hòa,23942,"Gia Lai,Chư Pưh,TT. Nhơn Hòa",108.10953496678499,13.555116255218
Gia Lai,64,Chư Sê,633,Al Bá,23953,"Gia Lai,Chư Sê,Al Bá",108.12535585248199,13.750273728652198
Gia Lai,64,Chư Sê,633,Ayun,23956,"Gia Lai,Chư Sê,Ayun",108.167181171027,13.6983899461131
Gia Lai,64,Chư Sê,633,Bar Măih,23946,"Gia Lai,Chư Sê,Bar Măih",108.12740186727801,13.8305619937459
Gia Lai,64,Chư Sê,633,Bờ Ngoong,23947,"Gia Lai,Chư Sê,Bờ Ngoong",108.120511699806,13.7870044626382
Gia Lai,64,Chư Sê,633,Chư Pơng,23945,"Gia Lai,Chư Sê,Chư Pơng",108.044862931354,13.786000573854801
Gia Lai,64,Chư Sê,633,Dun,23965,"Gia Lai,Chư Sê,Dun",108.092253305682,13.722629371517801
Gia Lai,64,Chư Sê,633,HBông,23968,"Gia Lai,Chư Sê,HBông",108.22232901370899,13.6271742407232
Gia Lai,64,Chư Sê,633,Ia Blang,23962,"Gia Lai,Chư Sê,Ia Blang",108.08280846039301,13.653005898642302
Gia Lai,64,Chư Sê,633,Ia Glai,23950,"Gia Lai,Chư Sê,Ia Glai",108.02322335599399,13.741723663672198
Gia Lai,64,Chư Sê,633,Ia Hlốp,23959,"Gia Lai,Chư Sê,Ia Hlốp",108.042861743412,13.6656430099907
Gia Lai,64,Chư Sê,633,Ia Ko,23977,"Gia Lai,Chư Sê,Ia Ko",108.02204931993201,13.619416221580998
Gia Lai,64,Chư Sê,633,Ia Pal,23966,"Gia Lai,Chư Sê,Ia Pal",108.11986543549601,13.659106508016801
Gia Lai,64,Chư Sê,633,Ia Tiêm,23944,"Gia Lai,Chư Sê,Ia Tiêm",108.05271883662701,13.8293363950895
Gia Lai,64,Chư Sê,633,Kông HTok,23954,"Gia Lai,Chư Sê,Kông HTok",108.132075456495,13.7007742406375
Gia Lai,64,Chư Sê,633,TT. Chư Sê,23941,"Gia Lai,Chư Sê,TT. Chư Sê",108.067513803607,13.7148826549024
Gia Lai,64,Đăk Đoa,626,A Dơk,23710,"Gia Lai,Đăk Đoa,A Dơk",108.09467314860301,13.9362510312059
Gia Lai,64,Đăk Đoa,626,Đăk Krong,23684,"Gia Lai,Đăk Đoa,Đăk Krong",108.11720212808001,14.1362030362287
Gia Lai,64,Đăk Đoa,626,Đăk Sơ Mei,23683,"Gia Lai,Đăk Đoa,Đăk Sơ Mei",108.18446594214501,14.189823910969901
Gia Lai,64,Đăk Đoa,626,Glar,23707,"Gia Lai,Đăk Đoa,Glar",108.134508718302,13.9444472759024
Gia Lai,64,Đăk Đoa,626,Hà Bầu,23692,"Gia Lai,Đăk Đoa,Hà Bầu",108.070372064482,14.0629398986871
Gia Lai,64,Đăk Đoa,626,Hà Đông,23680,"Gia Lai,Đăk Đoa,Hà Đông",108.261943822397,14.3073847917917
Gia Lai,64,Đăk Đoa,626,Hải Yang,23686,"Gia Lai,Đăk Đoa,Hải Yang",108.22012025352899,14.1165629920296
Gia Lai,64,Đăk Đoa,626,HNeng,23701,"Gia Lai,Đăk Đoa,HNeng",108.10482148165,14.0143262815935
Gia Lai,64,Đăk Đoa,626,HNol,23714,"Gia Lai,Đăk Đoa,HNol",108.20195811235001,13.923447063052402
Gia Lai,64,Đăk Đoa,626,Ia Băng,23719,"Gia Lai,Đăk Đoa,Ia Băng",108.048089654416,13.891375399239099
Gia Lai,64,Đăk Đoa,626,Ia Pết,23716,"Gia Lai,Đăk Đoa,Ia Pết",108.105961669539,13.889315933449199
Gia Lai,64,Đăk Đoa,626,KDang,23698,"Gia Lai,Đăk Đoa,KDang",108.192735811474,14.009886814254198
Gia Lai,64,Đăk Đoa,626,Kon Gang,23689,"Gia Lai,Đăk Đoa,Kon Gang",108.15005806591299,14.081887723254
Gia Lai,64,Đăk Đoa,626,Nam Yang,23695,"Gia Lai,Đăk Đoa,Nam Yang",108.09908274397301,14.058161502234
Gia Lai,64,Đăk Đoa,626,Tân Bình,23704,"Gia Lai,Đăk Đoa,Tân Bình",108.14795649353,13.989573342336302
Gia Lai,64,Đăk Đoa,626,Trang,23713,"Gia Lai,Đăk Đoa,Trang",108.17674830428601,13.8728551225702
Gia Lai,64,Đăk Đoa,626,TT. Đăk Đoa,23677,"Gia Lai,Đăk Đoa,TT. Đăk Đoa",108.11143662111999,13.989066373764802
Gia Lai,64,Đak Pơ,634,An Thành,23992,"Gia Lai,Đak Pơ,An Thành",108.522668393657,13.9699648219985
Gia Lai,64,Đak Pơ,634,Cư An,24001,"Gia Lai,Đak Pơ,Cư An",108.605406322509,13.9878893838707
Gia Lai,64,Đak Pơ,634,Hà Tam,23989,"Gia Lai,Đak Pơ,Hà Tam",108.462448971266,14.0002930724196
Gia Lai,64,Đak Pơ,634,Phú An,24007,"Gia Lai,Đak Pơ,Phú An",108.651914929498,13.921852093845501
Gia Lai,64,Đak Pơ,634,Tân An,24004,"Gia Lai,Đak Pơ,Tân An",108.603793590317,13.944129511788399
Gia Lai,64,Đak Pơ,634,TT. Đak Pơ,23995,"Gia Lai,Đak Pơ,TT. Đak Pơ",108.554089075693,13.978048990703002
Gia Lai,64,Đak Pơ,634,Ya Hội,24010,"Gia Lai,Đak Pơ,Ya Hội",108.708544144878,13.8662180425246
Gia Lai,64,Đak Pơ,634,Yang Băc,23998,"Gia Lai,Đak Pơ,Yang Băc",108.55189703589501,13.915231624359
Gia Lai,64,Đức Cơ,631,Ia Din,23866,"Gia Lai,Đức Cơ,Ia Din",107.79824741976299,13.8469782673871
Gia Lai,64,Đức Cơ,631,Ia Dơk,23860,"Gia Lai,Đức Cơ,Ia Dơk",107.706884494466,13.873481582281698
Gia Lai,64,Đức Cơ,631,Ia Dom,23872,"Gia Lai,Đức Cơ,Ia Dom",107.534353852691,13.807479487410099
Gia Lai,64,Đức Cơ,631,Ia Kla,23869,"Gia Lai,Đức Cơ,Ia Kla",107.645939651784,13.828229215730099
Gia Lai,64,Đức Cơ,631,Ia Krêl,23863,"Gia Lai,Đức Cơ,Ia Krêl",107.747292891603,13.8400526581772
Gia Lai,64,Đức Cơ,631,Ia Kriêng,23878,"Gia Lai,Đức Cơ,Ia Kriêng",107.72126546384199,13.746959656189699
Gia Lai,64,Đức Cơ,631,Ia Lang,23875,"Gia Lai,Đức Cơ,Ia Lang",107.78927088043501,13.7752585168571
Gia Lai,64,Đức Cơ,631,Ia Nan,23884,"Gia Lai,Đức Cơ,Ia Nan",107.578669537031,13.724280198535599
Gia Lai,64,Đức Cơ,631,Ia Pnôn,23881,"Gia Lai,Đức Cơ,Ia Pnôn",107.632327084897,13.7096997063838
Gia Lai,64,Đức Cơ,631,TT. Chư Ty,23857,"Gia Lai,Đức Cơ,TT. Chư Ty",107.684306422381,13.800044412299199
Gia Lai,64,Ia Grai,628,Ia Bă,23771,"Gia Lai,Ia Grai,Ia Bă",107.80892435636,14.037316708268099
Gia Lai,64,Ia Grai,628,Ia Chia,23788,"Gia Lai,Ia Grai,Ia Chia",107.584891646553,13.8855263807137
Gia Lai,64,Ia Grai,628,Ia Dêr,23785,"Gia Lai,Ia Grai,Ia Dêr",107.94116098454501,13.983376774727398
Gia Lai,64,Ia Grai,628,Ia Grăng,23778,"Gia Lai,Ia Grai,Ia Grăng",107.755709195673,13.9953467936126
Gia Lai,64,Ia Grai,628,Ia Hrung,23770,"Gia Lai,Ia Grai,Ia Hrung",107.88420499313601,14.0151288483348
Gia Lai,64,Ia Grai,628,Ia Khai,23773,"Gia Lai,Ia Grai,Ia Khai",107.66977132272801,14.0550582144764
Gia Lai,64,Ia Grai,628,Ia Krăi,23776,"Gia Lai,Ia Grai,Ia Krăi",107.646159805615,13.9698867676355
Gia Lai,64,Ia Grai,628,Ia O,23782,"Gia Lai,Ia Grai,Ia O",107.542629465088,13.9503729286166
Gia Lai,64,Ia Grai,628,Ia Pếch,23791,"Gia Lai,Ia Grai,Ia Pếch",107.86631976514099,13.9187188358498
Gia Lai,64,Ia Grai,628,Ia Sao,23767,"Gia Lai,Ia Grai,Ia Sao",107.939467855,14.0495438556127
Gia Lai,64,Ia Grai,628,Ia Tô,23779,"Gia Lai,Ia Grai,Ia Tô",107.747612040959,13.9279110666524
Gia Lai,64,Ia Grai,628,Ia Yok,23768,"Gia Lai,Ia Grai,Ia Yok",107.89759515260499,14.0765194357031
Gia Lai,64,Ia Grai,628,TT. Ia Kha,23764,"Gia Lai,Ia Grai,TT. Ia Kha",107.84991440273501,13.9625392713042
Gia Lai,64,Ia Pa,635,Chư Mố,24025,"Gia Lai,Ia Pa,Chư Mố",108.55680750539,13.514960941228399
Gia Lai,64,Ia Pa,635,Chư Răng,24016,"Gia Lai,Ia Pa,Chư Răng",108.433094360401,13.5939338815226
Gia Lai,64,Ia Pa,635,Ia Broăi,24034,"Gia Lai,Ia Pa,Ia Broăi",108.49831410433701,13.382680241865001
Gia Lai,64,Ia Pa,635,Ia Kdăm,24019,"Gia Lai,Ia Pa,Ia Kdăm",108.509408245604,13.5455521411813
Gia Lai,64,Ia Pa,635,Ia Mrơn,24031,"Gia Lai,Ia Pa,Ia Mrơn",108.441157769079,13.496607359390499
Gia Lai,64,Ia Pa,635,Ia Trok,24037,"Gia Lai,Ia Pa,Ia Trok",108.44920168115601,13.445460113812
Gia Lai,64,Ia Pa,635,Ia Tul,24028,"Gia Lai,Ia Pa,Ia Tul",108.631000647943,13.4903595201632
Gia Lai,64,Ia Pa,635,Kim Tân,24022,"Gia Lai,Ia Pa,Kim Tân",108.449849531359,13.561041883394301
Gia Lai,64,Ia Pa,635,Pờ Tó,24013,"Gia Lai,Ia Pa,Pờ Tó",108.379640115729,13.645387565109301
Gia Lai,64,KBang,625,Đăk HLơ,23674,"Gia Lai,KBang,Đăk HLơ",108.635988809662,14.071353921675401
Gia Lai,64,KBang,625,Đăk Rong,23644,"Gia Lai,KBang,Đăk Rong",108.440222943301,14.4758348227372
Gia Lai,64,KBang,625,Đăk Smar,23660,"Gia Lai,KBang,Đăk Smar",108.60488800372801,14.2069265265539
Gia Lai,64,KBang,625,Đông,23659,"Gia Lai,KBang,Đông",108.596327521966,14.120216244365098
Gia Lai,64,KBang,625,Kông Bla,23671,"Gia Lai,KBang,Kông Bla",108.61112302029899,14.0504399742977
Gia Lai,64,KBang,625,Kông Lơng Khơng,23668,"Gia Lai,KBang,Kông Lơng Khơng",108.56992252993099,14.0499015245402
Gia Lai,64,KBang,625,Kon Pne,23641,"Gia Lai,KBang,Kon Pne",108.34540391268699,14.3650169398137
Gia Lai,64,KBang,625,Krong,23650,"Gia Lai,KBang,Krong",108.433968245564,14.27484277597
Gia Lai,64,KBang,625,Lơ Ku,23656,"Gia Lai,KBang,Lơ Ku",108.50123573498699,14.1703981064974
Gia Lai,64,KBang,625,Nghĩa An,23662,"Gia Lai,KBang,Nghĩa An",108.65656715285499,14.1308455629686
Gia Lai,64,KBang,625,Sơn Lang,23647,"Gia Lai,KBang,Sơn Lang",108.57239481667801,14.4352143147821
Gia Lai,64,KBang,625,Sơ Pai,23653,"Gia Lai,KBang,Sơ Pai",108.583929428686,14.2763212318935
Gia Lai,64,KBang,625,Tơ Tung,23665,"Gia Lai,KBang,Tơ Tung",108.51009440858,14.0734831960189
Gia Lai,64,KBang,625,TT. KBang,23638,"Gia Lai,KBang,TT. KBang",108.59940354887699,14.148478246438
Gia Lai,64,Kông Chro,630,An Trung,23830,"Gia Lai,Kông Chro,An Trung",108.47954468698799,13.879941715323
Gia Lai,64,Kông Chro,630,Chơ Long,23851,"Gia Lai,Kông Chro,Chơ Long",108.422799499523,13.7342428910056
Gia Lai,64,Kông Chro,630,Chư Krêy,23827,"Gia Lai,Kông Chro,Chư Krêy",108.40967032944,13.8903076100198
Gia Lai,64,Kông Chro,630,Đăk Kơ Ning,23840,"Gia Lai,Kông Chro,Đăk Kơ Ning",108.607461138718,13.672709826738698
Gia Lai,64,Kông Chro,630,Đăk PLing,23843,"Gia Lai,Kông Chro,Đăk PLing",108.79856526077101,13.692345995974698
Gia Lai,64,Kông Chro,630,Đăk Pơ Pho,23846,"Gia Lai,Kông Chro,Đăk Pơ Pho",108.41639284908399,13.8080095385669
Gia Lai,64,Kông Chro,630,Đăk Song,23842,"Gia Lai,Kông Chro,Đăk Song",108.734636418647,13.642999571312899
Gia Lai,64,Kông Chro,630,Đăk Tơ Pang,23836,"Gia Lai,Kông Chro,Đăk Tơ Pang",108.610518847347,13.8181824283195
Gia Lai,64,Kông Chro,630,Kông Yang,23833,"Gia Lai,Kông Chro,Kông Yang",108.551546677796,13.8603740484436
Gia Lai,64,Kông Chro,630,SRó,23839,"Gia Lai,Kông Chro,SRó",108.683980404988,13.7374414617742
Gia Lai,64,Kông Chro,630,TT. Kông Chro,23824,"Gia Lai,Kông Chro,TT. Kông Chro",108.52683357629999,13.782009634139099
Gia Lai,64,Kông Chro,630,Ya ma,23848,"Gia Lai,Kông Chro,Ya ma",108.56940611007299,13.7653502839055
Gia Lai,64,Kông Chro,630,Yang Nam,23854,"Gia Lai,Kông Chro,Yang Nam",108.513291319812,13.678127738898402
Gia Lai,64,Kông Chro,630,Yang Trung,23845,"Gia Lai,Kông Chro,Yang Trung",108.48857618179001,13.7920025878598
Gia Lai,64,Krông Pa,637,Chư Drăng,24094,"Gia Lai,Krông Pa,Chư Drăng",108.566192206117,13.1739836780119
Gia Lai,64,Krông Pa,637,Chư Gu,24085,"Gia Lai,Krông Pa,Chư Gu",108.660522518055,13.263670062383499
Gia Lai,64,Krông Pa,637,Chư Ngọc,24106,"Gia Lai,Krông Pa,Chư Ngọc",108.77330019345699,13.1660425944309
Gia Lai,64,Krông Pa,637,Chư Rcăm,24112,"Gia Lai,Krông Pa,Chư Rcăm",108.72305676318899,13.356031104218
Gia Lai,64,Krông Pa,637,Đất Bằng,24088,"Gia Lai,Krông Pa,Đất Bằng",108.82194173131701,13.280332477448301
Gia Lai,64,Krông Pa,637,Ia Hdreh,24100,"Gia Lai,Krông Pa,Ia Hdreh",108.64041585040701,13.078454476008
Gia Lai,64,Krông Pa,637,Ia Mlah,24091,"Gia Lai,Krông Pa,Ia Mlah",108.75787000767001,13.2461651713092
Gia Lai,64,Krông Pa,637,Ia RMok,24103,"Gia Lai,Krông Pa,Ia RMok",108.601506713106,13.1192355246347
Gia Lai,64,Krông Pa,637,Ia Rsai,24079,"Gia Lai,Krông Pa,Ia Rsai",108.64645492356199,13.395145927153301
Gia Lai,64,Krông Pa,637,Ia Rsươm,24082,"Gia Lai,Krông Pa,Ia Rsươm",108.52296761298099,13.3001388396546
Gia Lai,64,Krông Pa,637,Krông Năng,24115,"Gia Lai,Krông Pa,Krông Năng",108.69096599660801,13.0435515952225
Gia Lai,64,Krông Pa,637,Phú Cần,24097,"Gia Lai,Krông Pa,Phú Cần",108.698391614605,13.1872684595557
Gia Lai,64,Krông Pa,637,TT. Phú Túc,24076,"Gia Lai,Krông Pa,TT. Phú Túc",108.690852998363,13.210684382375801
Gia Lai,64,Krông Pa,637,Uar,24109,"Gia Lai,Krông Pa,Uar",108.528783532503,13.227687927824599
Gia Lai,64,Mang Yang,629,Ayun,23797,"Gia Lai,Mang Yang,Ayun",108.285397481439,14.145681386722801
Gia Lai,64,Mang Yang,629,Đăk Djrăng,23806,"Gia Lai,Mang Yang,Đăk Djrăng",108.23881029401699,14.012292068566301
Gia Lai,64,Mang Yang,629,Đăk Jơ Ta,23798,"Gia Lai,Mang Yang,Đăk Jơ Ta",108.335006253226,14.141809921314099
Gia Lai,64,Mang Yang,629,Đăk Ta Ley,23799,"Gia Lai,Mang Yang,Đăk Ta Ley",108.34002033573,14.023910303970899
Gia Lai,64,Mang Yang,629,Đăk Trôi,23821,"Gia Lai,Mang Yang,Đăk Trôi",108.228141853363,13.7385531408411
Gia Lai,64,Mang Yang,629,Đăk Yă,23803,"Gia Lai,Mang Yang,Đăk Yă",108.289981326689,14.0270159512609
Gia Lai,64,Mang Yang,629,Đê Ar,23815,"Gia Lai,Mang Yang,Đê Ar",108.21014358957399,13.8031886723215
Gia Lai,64,Mang Yang,629,Hra,23800,"Gia Lai,Mang Yang,Hra",108.40309899138701,14.0727240709135
Gia Lai,64,Mang Yang,629,Kon Chiêng,23818,"Gia Lai,Mang Yang,Kon Chiêng",108.317567946778,13.763949841996501
Gia Lai,64,Mang Yang,629,Kon Thụp,23812,"Gia Lai,Mang Yang,Kon Thụp",108.272910251117,13.8655358553667
Gia Lai,64,Mang Yang,629,Lơ Pang,23809,"Gia Lai,Mang Yang,Lơ Pang",108.31068961377399,13.9316307840012
Gia Lai,64,Mang Yang,629,TT. Kon Dơng,23794,"Gia Lai,Mang Yang,TT. Kon Dơng",108.257105925756,14.044475965608099
Gia Lai,64,Phú Thiện,638,Ayun Hạ,24048,"Gia Lai,Phú Thiện,Ayun Hạ",108.251069144946,13.5565709041172
Gia Lai,64,Phú Thiện,638,Chrôh Pơnan,24060,"Gia Lai,Phú Thiện,Chrôh Pơnan",108.374011861225,13.4415093808724
Gia Lai,64,Phú Thiện,638,Chư A Thai,24046,"Gia Lai,Phú Thiện,Chư A Thai",108.293233254702,13.5962269311139
Gia Lai,64,Phú Thiện,638,Ia Ake,24049,"Gia Lai,Phú Thiện,Ia Ake",108.267376282195,13.514474903739199
Gia Lai,64,Phú Thiện,638,Ia Hiao,24061,"Gia Lai,Phú Thiện,Ia Hiao",108.326781837295,13.4014886560044
Gia Lai,64,Phú Thiện,638,Ia Peng,24058,"Gia Lai,Phú Thiện,Ia Peng",108.35900757716,13.4604567755269
Gia Lai,64,Phú Thiện,638,Ia Piar,24055,"Gia Lai,Phú Thiện,Ia Piar",108.288372421794,13.437239509670599
Gia Lai,64,Phú Thiện,638,Ia Sol,24052,"Gia Lai,Phú Thiện,Ia Sol",108.31316624598,13.5166832955163
Gia Lai,64,Phú Thiện,638,Ia Yeng,24067,"Gia Lai,Phú Thiện,Ia Yeng",108.39681758649799,13.5065691250077
Gia Lai,64,Phú Thiện,638,TT. Phú Thiện,24043,"Gia Lai,Phú Thiện,TT. Phú Thiện",108.323465613647,13.5339940019066
Gia Lai,64,Plei Ku,622,Biển Hồ,23590,"Gia Lai,Plei Ku,Biển Hồ",108.01816879323401,14.0344221602379
Gia Lai,64,Plei Ku,622,Chư Hdrông,23587,"Gia Lai,Plei Ku,Chư Hdrông",108.023811687283,13.913026758729599
Gia Lai,64,Plei Ku,622,Diên Phú,23605,"Gia Lai,Plei Ku,Diên Phú",107.96966778164801,13.940861809958902
Gia Lai,64,Plei Ku,622,Gào,23611,"Gia Lai,Plei Ku,Gào",107.922619941622,13.881701375914199
Gia Lai,64,Plei Ku,622,Ia Kênh,23608,"Gia Lai,Plei Ku,Ia Kênh",107.97680330334299,13.9060148304043
Gia Lai,64,Plei Ku,622,P. Hội Phú,23569,"Gia Lai,Plei Ku,P. Hội Phú",108.002193013663,13.951957631905401
Gia Lai,64,Plei Ku,622,P. Ia Kring,23563,"Gia Lai,Plei Ku,P. Ia Kring",107.98039598183901,13.9624692391805
Gia Lai,64,Plei Ku,622,P. Phù Đổng,23570,"Gia Lai,Plei Ku,P. Phù Đổng",108.021615167932,13.976381024035598
Gia Lai,64,Plei Ku,622,P. Thắng Lợi,23582,"Gia Lai,Plei Ku,P. Thắng Lợi",108.044575494907,13.973673764346799
Gia Lai,64,Plei Ku,622,P. Thống Nhất,23578,"Gia Lai,Plei Ku,P. Thống Nhất",108.004271269385,14.003652535158501
Gia Lai,64,Plei Ku,622,P. Yên Đỗ,23557,"Gia Lai,Plei Ku,P. Yên Đỗ",107.990742692677,13.9858110682856
Gia Lai,64,Plei Ku,622,Trà Đa,23596,"Gia Lai,Plei Ku,Trà Đa",108.04394539953002,14.007887188582098
Gia Lai,64,TX. An Khê,623,Cửu An,23629,"Gia Lai,TX. An Khê,Cửu An",108.731324868389,14.025253621999099
Gia Lai,64,TX. An Khê,623,P. An Bình,23614,"Gia Lai,TX. An Khê,P. An Bình",108.64616564840401,13.9658486264825
Gia Lai,64,TX. An Khê,623,P. An Phú,23620,"Gia Lai,TX. An Khê,P. An Phú",108.670782201426,13.955665882305802
Gia Lai,64,TX. An Khê,623,P. An Phước,23630,"Gia Lai,TX. An Khê,P. An Phước",108.69463375394399,14.0103108964537
Gia Lai,64,TX. An Khê,623,P. An Tân,23623,"Gia Lai,TX. An Khê,P. An Tân",108.67546514536,13.9690835955253
Gia Lai,64,TX. An Khê,623,P. Ngô Mây,23633,"Gia Lai,TX. An Khê,P. Ngô Mây",108.687060896918,13.9792261253085
Gia Lai,64,TX. An Khê,623,P. Tây Sơn,23617,"Gia Lai,TX. An Khê,P. Tây Sơn",108.65661223235,13.952702606200099
Gia Lai,64,TX. An Khê,623,Song An,23632,"Gia Lai,TX. An Khê,Song An",108.729786779506,13.9675307369529
Gia Lai,64,TX. An Khê,623,Thành An,23635,"Gia Lai,TX. An Khê,Thành An",108.65387444312599,14.006770668656399
Gia Lai,64,TX. An Khê,623,Tú An,23626,"Gia Lai,TX. An Khê,Tú An",108.676344289466,14.084874963225
Gia Lai,64,TX. An Khê,623,Xuân An,23627,"Gia Lai,TX. An Khê,Xuân An",108.697324649369,14.054323924871198
Gia Lai,64,TX. AYun Pa,624,Chư Băh,24065,"Gia Lai,TX. AYun Pa,Chư Băh",108.365763951512,13.3801057876977
Gia Lai,64,TX. AYun Pa,624,Ia RBol,24064,"Gia Lai,TX. AYun Pa,Ia RBol",108.401032129078,13.3237125007283
Gia Lai,64,TX. AYun Pa,624,Ia Rtô,24070,"Gia Lai,TX. AYun Pa,Ia Rtô",108.482301430705,13.341992099709001
Gia Lai,64,TX. AYun Pa,624,Ia Sao,24073,"Gia Lai,TX. AYun Pa,Ia Sao",108.44158238860399,13.275781753584699
Gia Lai,64,TX. AYun Pa,624,P. Đoàn Kết,24044,"Gia Lai,TX. AYun Pa,P. Đoàn Kết",108.423778384716,13.423948972265698
Gia Lai,64,TX. AYun Pa,624,P. Hoà Bình,24042,"Gia Lai,TX. AYun Pa,P. Hoà Bình",108.431426760955,13.4109628311188
Gia Lai,64,TX. AYun Pa,624,P. Sông Bờ,24045,"Gia Lai,TX. AYun Pa,P. Sông Bờ",108.447269274476,13.3948034413413
Kon Tum,62,Đắk Glei,610,Đắk Choong,23356,"Kon Tum,Đắk Glei,Đắk Choong",107.835819738611,15.1706405138095
Kon Tum,62,Đắk Glei,610,Đắk Kroong,23371,"Kon Tum,Đắk Glei,Đắk Kroong",107.70144916910499,14.9813500527862
Kon Tum,62,Đắk Glei,610,Đắk Long,23368,"Kon Tum,Đắk Glei,Đắk Long",107.574371339534,14.965024668517803
Kon Tum,62,Đắk Glei,610,Đắk Man,23347,"Kon Tum,Đắk Glei,Đắk Man",107.722418142742,15.213539839075699
Kon Tum,62,Đắk Glei,610,Đắk Môn,23374,"Kon Tum,Đắk Glei,Đắk Môn",107.674836829728,14.911724560928302
Kon Tum,62,Đắk Glei,610,Đắk Nhoong,23350,"Kon Tum,Đắk Glei,Đắk Nhoong",107.64750245283199,15.1222597495987
Kon Tum,62,Đắk Glei,610,Đắk Pék,23353,"Kon Tum,Đắk Glei,Đắk Pék",107.726599559984,15.1047033801285
Kon Tum,62,Đắk Glei,610,Đắk Plô,23344,"Kon Tum,Đắk Glei,Đắk Plô",107.650176965169,15.3061747201108
Kon Tum,62,Đắk Glei,610,Mường Hoong,23362,"Kon Tum,Đắk Glei,Mường Hoong",107.94332251232599,15.1431413894856
Kon Tum,62,Đắk Glei,610,Ngọc Linh,23365,"Kon Tum,Đắk Glei,Ngọc Linh",107.925159788843,15.060848921391099
Kon Tum,62,Đắk Glei,610,TT. Đắk Glei,23341,"Kon Tum,Đắk Glei,TT. Đắk Glei",107.758311858829,15.0299667034126
Kon Tum,62,Đắk Glei,610,Xốp,23359,"Kon Tum,Đắk Glei,Xốp",107.834935926497,15.0749925702974
Kon Tum,62,Đắk Hà,615,Đắk Hring,23506,"Kon Tum,Đắk Hà,Đắk Hring",107.93310671311701,14.5961730479372
Kon Tum,62,Đắk Hà,615,Đắk La,23524,"Kon Tum,Đắk Hà,Đắk La",107.944973709727,14.4437553995348
Kon Tum,62,Đắk Hà,615,Đắk Long,23504,"Kon Tum,Đắk Hà,Đắk Long",107.91612355815901,14.660982770256
Kon Tum,62,Đắk Hà,615,Đắk Mar,23512,"Kon Tum,Đắk Hà,Đắk Mar",107.909623647904,14.540008586951199
Kon Tum,62,Đắk Hà,615,Đắk Ngọk,23510,"Kon Tum,Đắk Hà,Đắk Ngọk",107.962865561429,14.537664350280199
Kon Tum,62,Đắk Hà,615,Đắk Pxi,23503,"Kon Tum,Đắk Hà,Đắk Pxi",108.025882559049,14.732439354405301
Kon Tum,62,Đắk Hà,615,Đắk Ui,23509,"Kon Tum,Đắk Hà,Đắk Ui",108.026613404153,14.6046043139415
Kon Tum,62,Đắk Hà,615,Hà Mòn,23521,"Kon Tum,Đắk Hà,Hà Mòn",107.909515198072,14.469571687447601
Kon Tum,62,Đắk Hà,615,Ngọk Réo,23518,"Kon Tum,Đắk Hà,Ngọk Réo",108.060574271376,14.491001692778198
Kon Tum,62,Đắk Hà,615,Ngọk Wang,23515,"Kon Tum,Đắk Hà,Ngọk Wang",108.000696682024,14.5025233108147
Kon Tum,62,Đắk Hà,615,TT. Đắk Hà,23500,"Kon Tum,Đắk Hà,TT. Đắk Hà",107.91975801982099,14.511979812592699
Kon Tum,62,Đắk Tô,612,Đắk Rơ Nga,23427,"Kon Tum,Đắk Tô,Đắk Rơ Nga",107.75778529492399,14.769288589731099
Kon Tum,62,Đắk Tô,612,Đắk Trăm,23430,"Kon Tum,Đắk Tô,Đắk Trăm",107.84960109760901,14.775690554814501
Kon Tum,62,Đắk Tô,612,Diên Bình,23440,"Kon Tum,Đắk Tô,Diên Bình",107.874243419513,14.6038676549099
Kon Tum,62,Đắk Tô,612,Kon Đào,23434,"Kon Tum,Đắk Tô,Kon Đào",107.84767318558399,14.711120985908801
Kon Tum,62,Đắk Tô,612,Ngọk Tụ,23428,"Kon Tum,Đắk Tô,Ngọk Tụ",107.789101892983,14.7190689602121
Kon Tum,62,Đắk Tô,612,Pô Cô,23443,"Kon Tum,Đắk Tô,Pô Cô",107.81387428570801,14.586180768319302
Kon Tum,62,Đắk Tô,612,Tân Cảnh,23437,"Kon Tum,Đắk Tô,Tân Cảnh",107.777672667796,14.6578824285398
Kon Tum,62,Đắk Tô,612,TT. Đắk Tô,23401,"Kon Tum,Đắk Tô,TT. Đắk Tô",107.846987765546,14.654419517151698
Kon Tum,62,Đắk Tô,612,Văn Lem,23431,"Kon Tum,Đắk Tô,Văn Lem",107.89424219530001,14.736950351498
Kon Tum,62,Ia H' Drai,618,Ia Dal,23535,"Kon Tum,Ia H' Drai,Ia Dal",107.402878942142,14.102495976423599
Kon Tum,62,Ia H' Drai,618,Ia Dom,23537,"Kon Tum,Ia H' Drai,Ia Dom",107.48870009809099,14.233064664728198
Kon Tum,62,Ia H' Drai,618,Ia Tơi,23538,"Kon Tum,Ia H' Drai,Ia Tơi",107.556721267189,14.0976347937939
Kon Tum,62,Kon Plông,613,Đắk Long,23473,"Kon Tum,Kon Plông,Đắk Long",108.321140850177,14.612530324653802
Kon Tum,62,Kon Plông,613,Đắk Nên,23452,"Kon Tum,Kon Plông,Đắk Nên",108.213623830809,14.996262395683598
Kon Tum,62,Kon Plông,613,Đắk Ring,23455,"Kon Tum,Kon Plông,Đắk Ring",108.262833559479,14.901221481215401
Kon Tum,62,Kon Plông,613,Đắk Tăng,23461,"Kon Tum,Kon Plông,Đắk Tăng",108.223088676898,14.7814169303133
Kon Tum,62,Kon Plông,613,Hiếu,23476,"Kon Tum,Kon Plông,Hiếu",108.454281287972,14.624930337973002
Kon Tum,62,Kon Plông,613,Măng Buk,23458,"Kon Tum,Kon Plông,Măng Buk",108.179662267236,14.8871141766511
Kon Tum,62,Kon Plông,613,Măng Cành,23470,"Kon Tum,Kon Plông,Măng Cành",108.286434485549,14.6797229844411
Kon Tum,62,Kon Plông,613,Ngok Tem,23464,"Kon Tum,Kon Plông,Ngok Tem",108.354728784463,14.7932732689798
Kon Tum,62,Kon Plông,613,Pờ Ê,23467,"Kon Tum,Kon Plông,Pờ Ê",108.47046186160699,14.743749249839098
Kon Tum,62,Kon Rẫy,614,Đắk Kôi,23482,"Kon Tum,Kon Rẫy,Đắk Kôi",108.14954709486,14.6609055415816
Kon Tum,62,Kon Rẫy,614,Đắk Pne,23491,"Kon Tum,Kon Rẫy,Đắk Pne",108.30237714060999,14.4786333181134
Kon Tum,62,Kon Rẫy,614,Đắk Ruồng,23488,"Kon Tum,Kon Rẫy,Đắk Ruồng",108.169503078291,14.4362328761567
Kon Tum,62,Kon Rẫy,614,Đắk Tơ Lung,23485,"Kon Tum,Kon Rẫy,Đắk Tơ Lung",108.15976399476101,14.539809732059801
Kon Tum,62,Kon Rẫy,614,Đắk Tơ Re,23494,"Kon Tum,Kon Rẫy,Đắk Tơ Re",108.11874248652201,14.409627738434901
Kon Tum,62,Kon Rẫy,614,Tân Lập,23497,"Kon Tum,Kon Rẫy,Tân Lập",108.223883330982,14.4641286476782
Kon Tum,62,Kon Rẫy,614,TT. Đắk Rve,23479,"Kon Tum,Kon Rẫy,TT. Đắk Rve",108.25196468821999,14.536192523375599
Kon Tum,62,Kon Tum,608,Chư H'reng,23332,"Kon Tum,Kon Tum,Chư H'reng",108.02971107996001,14.2986420456574
Kon Tum,62,Kon Tum,608,Đắk Blà,23323,"Kon Tum,Kon Tum,Đắk Blà",108.05951499584499,14.3706977449277
Kon Tum,62,Kon Tum,608,Đắk Cấm,23311,"Kon Tum,Kon Tum,Đắk Cấm",108.022620440104,14.417319877072599
Kon Tum,62,Kon Tum,608,Đắk Năng,23327,"Kon Tum,Kon Tum,Đắk Năng",107.906639071779,14.346015215155498
Kon Tum,62,Kon Tum,608,Đắk Rơ Wa,23335,"Kon Tum,Kon Tum,Đắk Rơ Wa",108.05051325891199,14.327237029341099
Kon Tum,62,Kon Tum,608,Đoàn Kết,23329,"Kon Tum,Kon Tum,Đoàn Kết",107.952663205121,14.3417020942264
Kon Tum,62,Kon Tum,608,Hòa Bình,23338,"Kon Tum,Kon Tum,Hòa Bình",107.97869807635,14.270729166363001
Kon Tum,62,Kon Tum,608,Ia Chim,23326,"Kon Tum,Kon Tum,Ia Chim",107.904214601781,14.298396991161098
Kon Tum,62,Kon Tum,608,Kroong,23314,"Kon Tum,Kon Tum,Kroong",107.891862983799,14.400442195274
Kon Tum,62,Kon Tum,608,Ngọk Bay,23317,"Kon Tum,Kon Tum,Ngọk Bay",107.930148697726,14.3794760921879
Kon Tum,62,Kon Tum,608,P. Duy Tân,23284,"Kon Tum,Kon Tum,P. Duy Tân",107.99684033876801,14.375988818791802
Kon Tum,62,Kon Tum,608,P. Lê Lợi,23302,"Kon Tum,Kon Tum,P. Lê Lợi",107.994444703893,14.330293828893302
Kon Tum,62,Kon Tum,608,P. Ngô Mây,23296,"Kon Tum,Kon Tum,P. Ngô Mây",107.975526517232,14.3986253316957
Kon Tum,62,Kon Tum,608,P. Nguyễn Trãi,23305,"Kon Tum,Kon Tum,P. Nguyễn Trãi",107.981965531186,14.3414799791506
Kon Tum,62,Kon Tum,608,P. Quang Trung,23281,"Kon Tum,Kon Tum,P. Quang Trung",107.9952801619,14.3568567016051
Kon Tum,62,Kon Tum,608,P. Quyết Thắng,23287,"Kon Tum,Kon Tum,P. Quyết Thắng",108.000750615214,14.349400868282899
Kon Tum,62,Kon Tum,608,P. Thắng Lợi,23293,"Kon Tum,Kon Tum,P. Thắng Lợi",108.024935587158,14.351697535165801
Kon Tum,62,Kon Tum,608,P. Thống Nhất,23299,"Kon Tum,Kon Tum,P. Thống Nhất",108.012063558528,14.3384343380639
Kon Tum,62,Kon Tum,608,P. Trần Hưng Đạo,23308,"Kon Tum,Kon Tum,P. Trần Hưng Đạo",107.987514287656,14.304954044042098
Kon Tum,62,Kon Tum,608,P. Trường Chinh,23290,"Kon Tum,Kon Tum,P. Trường Chinh",108.018224895833,14.37010860839
Kon Tum,62,Kon Tum,608,Vinh Quang,23320,"Kon Tum,Kon Tum,Vinh Quang",107.965254219144,14.378604036694801
Kon Tum,62,Ngọc Hồi,611,Đắk Ang,23380,"Kon Tum,Ngọc Hồi,Đắk Ang",107.74287424827101,14.8729354941073
Kon Tum,62,Ngọc Hồi,611,Đắk Dục,23383,"Kon Tum,Ngọc Hồi,Đắk Dục",107.635341557889,14.837229105255599
Kon Tum,62,Ngọc Hồi,611,Đắk Kan,23392,"Kon Tum,Ngọc Hồi,Đắk Kan",107.699834470812,14.638231613383901
Kon Tum,62,Ngọc Hồi,611,Đắk Nông,23386,"Kon Tum,Ngọc Hồi,Đắk Nông",107.620563937737,14.78938285944
Kon Tum,62,Ngọc Hồi,611,Đắk Xú,23389,"Kon Tum,Ngọc Hồi,Đắk Xú",107.609025087988,14.738763452435
Kon Tum,62,Ngọc Hồi,611,Pờ Y,23395,"Kon Tum,Ngọc Hồi,Pờ Y",107.584592660525,14.666860895845199
Kon Tum,62,Ngọc Hồi,611,Sa Loong,23398,"Kon Tum,Ngọc Hồi,Sa Loong",107.600486180217,14.5741839279611
Kon Tum,62,Ngọc Hồi,611,TT. Plei Cần,23377,"Kon Tum,Ngọc Hồi,TT. Plei Cần",107.698749858897,14.707590523193
Kon Tum,62,Sa Thầy,616,Hơ Moong,23534,"Kon Tum,Sa Thầy,Hơ Moong",107.840488124922,14.4951972248825
Kon Tum,62,Sa Thầy,616,Mô Rai,23536,"Kon Tum,Sa Thầy,Mô Rai",107.588264352262,14.358277223709303
Kon Tum,62,Sa Thầy,616,Rờ Kơi,23530,"Kon Tum,Sa Thầy,Rờ Kơi",107.670981853449,14.512894936320901
Kon Tum,62,Sa Thầy,616,Sa Bình,23545,"Kon Tum,Sa Thầy,Sa Bình",107.853210177501,14.369075645093801
Kon Tum,62,Sa Thầy,616,Sa Nghĩa,23542,"Kon Tum,Sa Thầy,Sa Nghĩa",107.835214020178,14.4263577181265
Kon Tum,62,Sa Thầy,616,Sa Nhơn,23533,"Kon Tum,Sa Thầy,Sa Nhơn",107.784222161404,14.4651244987223
Kon Tum,62,Sa Thầy,616,Sa Sơn,23539,"Kon Tum,Sa Thầy,Sa Sơn",107.744279413577,14.411195590129001
Kon Tum,62,Sa Thầy,616,TT. Sa Thầy,23527,"Kon Tum,Sa Thầy,TT. Sa Thầy",107.79378512738501,14.403293533498099
Kon Tum,62,Sa Thầy,616,Ya Ly,23554,"Kon Tum,Sa Thầy,Ya Ly",107.83221873810899,14.322491704985099
Kon Tum,62,Sa Thầy,616,Ya Tăng,23551,"Kon Tum,Sa Thầy,Ya Tăng",107.757760564234,14.269279891303402
Kon Tum,62,Sa Thầy,616,Ya Xiêr,23548,"Kon Tum,Sa Thầy,Ya Xiêr",107.772134483678,14.345840318832
Kon Tum,62,Tu Mơ Rông,617,Đắk Hà,23425,"Kon Tum,Tu Mơ Rông,Đắk Hà",107.953364875856,14.7967605988121
Kon Tum,62,Tu Mơ Rông,617,Đắk Na,23407,"Kon Tum,Tu Mơ Rông,Đắk Na",107.843408741052,14.9796521739075
Kon Tum,62,Tu Mơ Rông,617,Đắk Rơ Ông,23417,"Kon Tum,Tu Mơ Rông,Đắk Rơ Ông",107.87200229209499,14.8702405139395
Kon Tum,62,Tu Mơ Rông,617,Đắk Sao,23416,"Kon Tum,Tu Mơ Rông,Đắk Sao",107.829316338494,14.9063577508122
Kon Tum,62,Tu Mơ Rông,617,Đắk Tơ Kan,23419,"Kon Tum,Tu Mơ Rông,Đắk Tơ Kan",107.872145745157,14.8289463232169
Kon Tum,62,Tu Mơ Rông,617,Măng Ri,23410,"Kon Tum,Tu Mơ Rông,Măng Ri",107.920889485212,14.9696700199019
Kon Tum,62,Tu Mơ Rông,617,Ngọk Lây,23404,"Kon Tum,Tu Mơ Rông,Ngọk Lây",108.000979775925,14.9692145593729
Kon Tum,62,Tu Mơ Rông,617,Ngọk Yêu,23413,"Kon Tum,Tu Mơ Rông,Ngọk Yêu",108.09526823342699,14.8653014147922
Kon Tum,62,Tu Mơ Rông,617,Tê Xăng,23446,"Kon Tum,Tu Mơ Rông,Tê Xăng",107.942858061426,14.9233010789155
Kon Tum,62,Tu Mơ Rông,617,Tu Mơ Rông,23422,"Kon Tum,Tu Mơ Rông,Tu Mơ Rông",107.984326273822,14.854699237529399
Kon Tum,62,Tu Mơ Rông,617,Văn Xuôi,23449,"Kon Tum,Tu Mơ Rông,Văn Xuôi",108.04918336006901,14.9136925724662
Lâm Đồng,68,Bảo Lâm,680,B' Lá,25069,"Lâm Đồng,Bảo Lâm,B' Lá",107.743400045537,11.7038104051256
Lâm Đồng,68,Bảo Lâm,680,Lộc An,25084,"Lâm Đồng,Bảo Lâm,Lộc An",107.90600147414699,11.550362080063
Lâm Đồng,68,Bảo Lâm,680,Lộc Bắc,25066,"Lâm Đồng,Bảo Lâm,Lộc Bắc",107.59653994606899,11.7341442742753
Lâm Đồng,68,Bảo Lâm,680,Lộc Bảo,25057,"Lâm Đồng,Bảo Lâm,Lộc Bảo",107.692728739872,11.819333444445501
Lâm Đồng,68,Bảo Lâm,680,Lộc Đức,25081,"Lâm Đồng,Bảo Lâm,Lộc Đức",107.915160028745,11.6268683789133
Lâm Đồng,68,Bảo Lâm,680,Lộc Lâm,25060,"Lâm Đồng,Bảo Lâm,Lộc Lâm",107.81721910570299,11.815325948611
Lâm Đồng,68,Bảo Lâm,680,Lộc Nam,25093,"Lâm Đồng,Bảo Lâm,Lộc Nam",107.863947069089,11.3950596101251
Lâm Đồng,68,Bảo Lâm,680,Lộc Ngãi,25072,"Lâm Đồng,Bảo Lâm,Lộc Ngãi",107.88885397874,11.6621934207386
Lâm Đồng,68,Bảo Lâm,680,Lộc Phú,25063,"Lâm Đồng,Bảo Lâm,Lộc Phú",107.86608050097799,11.751090144814698
Lâm Đồng,68,Bảo Lâm,680,Lộc Quảng,25075,"Lâm Đồng,Bảo Lâm,Lộc Quảng",107.777179878339,11.635432643115099
Lâm Đồng,68,Bảo Lâm,680,Lộc Tân,25078,"Lâm Đồng,Bảo Lâm,Lộc Tân",107.709135399778,11.5942612659986
Lâm Đồng,68,Bảo Lâm,680,Lộc Thanh,25090,"Lâm Đồng,Bảo Lâm,Lộc Thanh",107.81249503368099,11.448391211871199
Lâm Đồng,68,Bảo Lâm,680,Tân Lạc,25087,"Lâm Đồng,Bảo Lâm,Tân Lạc",107.868215808404,11.4789648184659
Lâm Đồng,68,Bảo Lâm,680,TT. Lộc Thắng,25054,"Lâm Đồng,Bảo Lâm,TT. Lộc Thắng",107.82664566907101,11.6730085096782
Lâm Đồng,68,Bảo Lộc,673,Đại Lào,24844,"Lâm Đồng,Bảo Lộc,Đại Lào",107.748108578374,11.477757126815698
Lâm Đồng,68,Bảo Lộc,673,Đạm Bri,24832,"Lâm Đồng,Bảo Lộc,Đạm Bri",107.769936618988,11.607851446467901
Lâm Đồng,68,Bảo Lộc,673,Lộc Châu,24841,"Lâm Đồng,Bảo Lộc,Lộc Châu",107.767915740565,11.5120937535769
Lâm Đồng,68,Bảo Lộc,673,Lộc Nga,24838,"Lâm Đồng,Bảo Lộc,Lộc Nga",107.862482329542,11.5286348479752
Lâm Đồng,68,Bảo Lộc,673,Lộc Thanh,24835,"Lâm Đồng,Bảo Lộc,Lộc Thanh",107.86200859571,11.5675412448489
Lâm Đồng,68,Bảo Lộc,673,P. 1,24823,"Lâm Đồng,Bảo Lộc,P. 1",107.815419619739,11.554463262971401
Lâm Đồng,68,Bảo Lộc,673,P. Lộc Phát,24814,"Lâm Đồng,Bảo Lộc,P. Lộc Phát",107.833683293565,11.581119379054599
Lâm Đồng,68,Bảo Lộc,673,P. Lộc Sơn,24829,"Lâm Đồng,Bảo Lộc,P. Lộc Sơn",107.827588345825,11.524616197374
Lâm Đồng,68,Bảo Lộc,673,P. Lộc Tiến,24817,"Lâm Đồng,Bảo Lộc,P. Lộc Tiến",107.77400541738899,11.546467247017
Lâm Đồng,68,Cát Tiên,683,Đồng Nai Thượng,25192,"Lâm Đồng,Cát Tiên,Đồng Nai Thượng",107.45296340933201,11.7389409133848
Lâm Đồng,68,Cát Tiên,683,Đức Phổ,25183,"Lâm Đồng,Cát Tiên,Đức Phổ",107.34520000224899,11.573602942689801
Lâm Đồng,68,Cát Tiên,683,Gia Viễn,25168,"Lâm Đồng,Cát Tiên,Gia Viễn",107.363092253352,11.633674832548099
Lâm Đồng,68,Cát Tiên,683,Mỹ Lâm,25174,"Lâm Đồng,Cát Tiên,Mỹ Lâm",107.407222200289,11.6062609754861
Lâm Đồng,68,Cát Tiên,683,Nam Ninh,25171,"Lâm Đồng,Cát Tiên,Nam Ninh",107.415249720798,11.638172540252599
Lâm Đồng,68,Cát Tiên,683,Phước Cát 1,25180,"Lâm Đồng,Cát Tiên,Phước Cát 1",107.321910607017,11.5771343180343
Lâm Đồng,68,Cát Tiên,683,Phước Cát 2,25165,"Lâm Đồng,Cát Tiên,Phước Cát 2",107.329175324476,11.688195521831998
Lâm Đồng,68,Cát Tiên,683,Quảng Ngãi,25189,"Lâm Đồng,Cát Tiên,Quảng Ngãi",107.38710057329399,11.5337793823668
Lâm Đồng,68,Cát Tiên,683,Tiên Hoàng,25162,"Lâm Đồng,Cát Tiên,Tiên Hoàng",107.414297152597,11.6779833068966
Lâm Đồng,68,Cát Tiên,683,TT. Cát Tiên,25159,"Lâm Đồng,Cát Tiên,TT. Cát Tiên",107.371408247755,11.5852445124911
Lâm Đồng,68,Cát Tiên,683,Tư Nghĩa,25177,"Lâm Đồng,Cát Tiên,Tư Nghĩa",107.401932521049,11.5710515596681
Lâm Đồng,68,Đạ Huoai,681,Đạ M'ri,25102,"Lâm Đồng,Đạ Huoai,Đạ M'ri",107.669226138578,11.4892653313448
Lâm Đồng,68,Đạ Huoai,681,Đạ Oai,25111,"Lâm Đồng,Đạ Huoai,Đạ Oai",107.502964972295,11.4483492809764
Lâm Đồng,68,Đạ Huoai,681,Đạ Ploa,25114,"Lâm Đồng,Đạ Huoai,Đạ Ploa",107.71719003380699,11.3898998125106
Lâm Đồng,68,Đạ Huoai,681,Đạ Tồn,25108,"Lâm Đồng,Đạ Huoai,Đạ Tồn",107.554789513237,11.452774766881499
Lâm Đồng,68,Đạ Huoai,681,Đoàn Kết,25120,"Lâm Đồng,Đạ Huoai,Đoàn Kết",107.673983611861,11.346696457636302
Lâm Đồng,68,Đạ Huoai,681,Hà Lâm,25105,"Lâm Đồng,Đạ Huoai,Hà Lâm",107.60576414717899,11.392875518726198
Lâm Đồng,68,Đạ Huoai,681,Ma Đa Guôi,25117,"Lâm Đồng,Đạ Huoai,Ma Đa Guôi",107.51346685181801,11.404478789870698
Lâm Đồng,68,Đạ Huoai,681,Phước Lộc,25123,"Lâm Đồng,Đạ Huoai,Phước Lộc",107.616639680258,11.4786946631923
Lâm Đồng,68,Đạ Huoai,681,TT. Đạ M'ri,25096,"Lâm Đồng,Đạ Huoai,TT. Đạ M'ri",107.692174141403,11.425710207539101
Lâm Đồng,68,Đạ Huoai,681,TT. Ma Đa Guôi,25099,"Lâm Đồng,Đạ Huoai,TT. Ma Đa Guôi",107.54998613714399,11.3894524457325
Lâm Đồng,68,Đà Lạt,672,P. 1,24784,"Lâm Đồng,Đà Lạt,P. 1",108.442448213093,11.9446754880261
Lâm Đồng,68,Đà Lạt,672,P. 10,24796,"Lâm Đồng,Đà Lạt,P. 10",108.46553598333401,11.9218349260165
Lâm Đồng,68,Đà Lạt,672,P. 11,24799,"Lâm Đồng,Đà Lạt,P. 11",108.489262588572,11.935144695276199
Lâm Đồng,68,Đà Lạt,672,P. 12,24775,"Lâm Đồng,Đà Lạt,P. 12",108.486761467492,11.9752672013324
Lâm Đồng,68,Đà Lạt,672,P. 3,24802,"Lâm Đồng,Đà Lạt,P. 3",108.45897783275,11.8968882426559
Lâm Đồng,68,Đà Lạt,672,P. 4,24793,"Lâm Đồng,Đà Lạt,P. 4",108.418553846707,11.8962710313197
Lâm Đồng,68,Đà Lạt,672,P. 5,24790,"Lâm Đồng,Đà Lạt,P. 5",108.378789644848,11.951634679522
Lâm Đồng,68,Đà Lạt,672,P. 7,24769,"Lâm Đồng,Đà Lạt,P. 7",108.398379412544,11.9796778105745
Lâm Đồng,68,Đà Lạt,672,P. 8,24772,"Lâm Đồng,Đà Lạt,P. 8",108.45268036160101,11.979258528638999
Lâm Đồng,68,Đà Lạt,672,P. 9,24778,"Lâm Đồng,Đà Lạt,P. 9",108.46604101485799,11.9558878592582
Lâm Đồng,68,Đà Lạt,672,Tà Nung,24808,"Lâm Đồng,Đà Lạt,Tà Nung",108.359069756141,11.9197000331915
Lâm Đồng,68,Đà Lạt,672,Trạm Hành,24810,"Lâm Đồng,Đà Lạt,Trạm Hành",108.548422604741,11.854582100989001
Lâm Đồng,68,Đà Lạt,672,Xuân Thọ,24805,"Lâm Đồng,Đà Lạt,Xuân Thọ",108.53004918907101,11.9389957283552
Lâm Đồng,68,Đà Lạt,672,Xuân Trường,24811,"Lâm Đồng,Đà Lạt,Xuân Trường",108.52730432014098,11.881743630697699
Lâm Đồng,68,Đam Rông,674,Đạ KNàng,24889,"Lâm Đồng,Đam Rông,Đạ KNàng",108.139425960525,11.899380172337999
Lâm Đồng,68,Đam Rông,674,Đạ Long,24856,"Lâm Đồng,Đam Rông,Đạ Long",108.236678756222,12.125223479649401
Lâm Đồng,68,Đam Rông,674,Đa M'Rong,24859,"Lâm Đồng,Đam Rông,Đa M'Rong",108.329408408099,12.1488253228912
Lâm Đồng,68,Đam Rông,674,Đạ R'Sal,24875,"Lâm Đồng,Đam Rông,Đạ R'Sal",108.14281356259,12.141912405540301
Lâm Đồng,68,Đam Rông,674,Đạ Tông,24853,"Lâm Đồng,Đam Rông,Đạ Tông",108.30712378132799,12.1245784796441
Lâm Đồng,68,Đam Rông,674,Liêng S'Roin,24874,"Lâm Đồng,Đam Rông,Liêng S'Roin",108.07105329885401,12.0618701144729
Lâm Đồng,68,Đam Rông,674,Phi Liêng,24886,"Lâm Đồng,Đam Rông,Phi Liêng",108.10989043445998,11.964770932908301
Lâm Đồng,68,Đam Rông,674,Rô Men,24877,"Lâm Đồng,Đam Rông,Rô Men",108.197247326675,12.061655588534698
Lâm Đồng,68,Đạ Tẻh,682,An Nhơn,25129,"Lâm Đồng,Đạ Tẻh,An Nhơn",107.47169723789301,11.6122505362546
Lâm Đồng,68,Đạ Tẻh,682,Đạ Kho,25153,"Lâm Đồng,Đạ Tẻh,Đạ Kho",107.48400355334499,11.4682904571046
Lâm Đồng,68,Đạ Tẻh,682,Đạ Lây,25141,"Lâm Đồng,Đạ Tẻh,Đạ Lây",107.42514535176599,11.5688964934866
Lâm Đồng,68,Đạ Tẻh,682,Đạ Pal,25156,"Lâm Đồng,Đạ Tẻh,Đạ Pal",107.606193798369,11.5516906025323
Lâm Đồng,68,Đạ Tẻh,682,Hà Đông,25150,"Lâm Đồng,Đạ Tẻh,Hà Đông",107.51283193806299,11.5330001775378
Lâm Đồng,68,Đạ Tẻh,682,Hương Lâm,25144,"Lâm Đồng,Đạ Tẻh,Hương Lâm",107.44277962271099,11.5731379931958
Lâm Đồng,68,Đạ Tẻh,682,Mỹ Đức,25135,"Lâm Đồng,Đạ Tẻh,Mỹ Đức",107.57085921362801,11.619796470116901
Lâm Đồng,68,Đạ Tẻh,682,Quảng Trị,25138,"Lâm Đồng,Đạ Tẻh,Quảng Trị",107.599881676835,11.5854885700724
Lâm Đồng,68,Đạ Tẻh,682,Quốc Oai,25132,"Lâm Đồng,Đạ Tẻh,Quốc Oai",107.512165769507,11.627987717414
Lâm Đồng,68,Đạ Tẻh,682,Triệu Hải,25147,"Lâm Đồng,Đạ Tẻh,Triệu Hải",107.549781926194,11.504405947755401
Lâm Đồng,68,Đạ Tẻh,682,TT. Đạ Tẻh,25126,"Lâm Đồng,Đạ Tẻh,TT. Đạ Tẻh",107.48375581056801,11.5211019892753
Lâm Đồng,68,Di Linh,679,Bảo Thuận,25033,"Lâm Đồng,Di Linh,Bảo Thuận",108.14923616494801,11.4483896468978
Lâm Đồng,68,Di Linh,679,Đinh Lạc,25018,"Lâm Đồng,Di Linh,Đinh Lạc",108.130564478591,11.623867258181901
Lâm Đồng,68,Di Linh,679,Đinh Trang Hòa,25024,"Lâm Đồng,Di Linh,Đinh Trang Hòa",107.958655668587,11.5718682022198
Lâm Đồng,68,Di Linh,679,Đinh Trang Thượng,25003,"Lâm Đồng,Di Linh,Đinh Trang Thượng",107.95307759657601,11.760376398620801
Lâm Đồng,68,Di Linh,679,Gia Bắc,25051,"Lâm Đồng,Di Linh,Gia Bắc",108.097277163937,11.333682354976098
Lâm Đồng,68,Di Linh,679,Gia Hiệp,25015,"Lâm Đồng,Di Linh,Gia Hiệp",108.17599886980699,11.6244923564274
Lâm Đồng,68,Di Linh,679,Gung Ré,25030,"Lâm Đồng,Di Linh,Gung Ré",108.07084246701099,11.493749088311
Lâm Đồng,68,Di Linh,679,Hòa Bắc,25045,"Lâm Đồng,Di Linh,Hòa Bắc",107.95927400291,11.424939743969901
Lâm Đồng,68,Di Linh,679,Hòa Nam,25042,"Lâm Đồng,Di Linh,Hòa Nam",107.903674454368,11.444805603203198
Lâm Đồng,68,Di Linh,679,Hòa Ninh,25036,"Lâm Đồng,Di Linh,Hòa Ninh",107.926454909906,11.511769071203402
Lâm Đồng,68,Di Linh,679,Hòa Trung,25039,"Lâm Đồng,Di Linh,Hòa Trung",107.969816728879,11.5026820048227
Lâm Đồng,68,Di Linh,679,Liên Đầm,25027,"Lâm Đồng,Di Linh,Liên Đầm",108.010198553199,11.5383090155661
Lâm Đồng,68,Di Linh,679,Sơn Điền,25048,"Lâm Đồng,Di Linh,Sơn Điền",108.025746692538,11.3700448952686
Lâm Đồng,68,Di Linh,679,Tam Bố,25021,"Lâm Đồng,Di Linh,Tam Bố",108.223459782908,11.483140890942199
Lâm Đồng,68,Di Linh,679,Tân Châu,25009,"Lâm Đồng,Di Linh,Tân Châu",108.03938276437599,11.6206825412729
Lâm Đồng,68,Di Linh,679,Tân Lâm,25007,"Lâm Đồng,Di Linh,Tân Lâm",107.98415240938,11.6714813791236
Lâm Đồng,68,Di Linh,679,Tân Nghĩa,25012,"Lâm Đồng,Di Linh,Tân Nghĩa",108.092328658677,11.640923395750198
Lâm Đồng,68,Di Linh,679,Tân Thượng,25006,"Lâm Đồng,Di Linh,Tân Thượng",108.03445502505801,11.667810008426098
Lâm Đồng,68,Di Linh,679,TT. Di Linh,25000,"Lâm Đồng,Di Linh,TT. Di Linh",108.06441806156799,11.586515700861199
Lâm Đồng,68,Đơn Dương,677,Đạ Ròn,24937,"Lâm Đồng,Đơn Dương,Đạ Ròn",108.45684728681299,11.777647095778999
Lâm Đồng,68,Đơn Dương,677,Ka Đô,24943,"Lâm Đồng,Đơn Dương,Ka Đô",108.60562998405099,11.726796522311801
Lâm Đồng,68,Đơn Dương,677,Ka Đơn,24949,"Lâm Đồng,Đơn Dương,Ka Đơn",108.495149410527,11.705763765759402
Lâm Đồng,68,Đơn Dương,677,Lạc Lâm,24940,"Lâm Đồng,Đơn Dương,Lạc Lâm",108.51587844507699,11.7929767932124
Lâm Đồng,68,Đơn Dương,677,Lạc Xuân,24934,"Lâm Đồng,Đơn Dương,Lạc Xuân",108.608005062771,11.776717232339802
Lâm Đồng,68,Đơn Dương,677,Pró,24955,"Lâm Đồng,Đơn Dương,Pró",108.584969819305,11.685671306090901
Lâm Đồng,68,Đơn Dương,677,Quảng Lập,24946,"Lâm Đồng,Đơn Dương,Quảng Lập",108.516856904263,11.740836237725999
Lâm Đồng,68,Đơn Dương,677,TT. D'Ran,24928,"Lâm Đồng,Đơn Dương,TT. D'Ran",108.61784423393699,11.893054268192898
Lâm Đồng,68,Đơn Dương,677,TT. Thạch Mỹ,24931,"Lâm Đồng,Đơn Dương,TT. Thạch Mỹ",108.48633845581101,11.7670670508074
Lâm Đồng,68,Đơn Dương,677,Tu Tra,24952,"Lâm Đồng,Đơn Dương,Tu Tra",108.442974456106,11.6995172939703
Lâm Đồng,68,Đức Trọng,678,Bình Thạnh,24970,"Lâm Đồng,Đức Trọng,Bình Thạnh",108.28963744316,11.774379800641197
Lâm Đồng,68,Đức Trọng,678,Đà Loan,24994,"Lâm Đồng,Đức Trọng,Đà Loan",108.393257461163,11.5624725716069
Lâm Đồng,68,Đức Trọng,678,Đạ Quyn,24989,"Lâm Đồng,Đức Trọng,Đạ Quyn",108.518613809608,11.5962691605038
Lâm Đồng,68,Đức Trọng,678,Hiệp An,24961,"Lâm Đồng,Đức Trọng,Hiệp An",108.453356692183,11.836664735016802
Lâm Đồng,68,Đức Trọng,678,Hiệp Thạnh,24967,"Lâm Đồng,Đức Trọng,Hiệp Thạnh",108.410613784196,11.7789048948084
Lâm Đồng,68,Đức Trọng,678,Liên Hiệp,24964,"Lâm Đồng,Đức Trọng,Liên Hiệp",108.37090835452899,11.7809496233849
Lâm Đồng,68,Đức Trọng,678,Ninh Gia,24985,"Lâm Đồng,Đức Trọng,Ninh Gia",108.270560126105,11.6110990219762
Lâm Đồng,68,Đức Trọng,678,Ninh Loan,24997,"Lâm Đồng,Đức Trọng,Ninh Loan",108.33524189660601,11.545937484851502
Lâm Đồng,68,Đức Trọng,678,N'Thol Hạ,24973,"Lâm Đồng,Đức Trọng,N'Thol Hạ",108.317381076159,11.7614827898392
Lâm Đồng,68,Đức Trọng,678,Phú Hội,24982,"Lâm Đồng,Đức Trọng,Phú Hội",108.35958273790199,11.664455842968302
Lâm Đồng,68,Đức Trọng,678,Tà Hine,24991,"Lâm Đồng,Đức Trọng,Tà Hine",108.346330051297,11.594885763950698
Lâm Đồng,68,Đức Trọng,678,Tà Năng,24988,"Lâm Đồng,Đức Trọng,Tà Năng",108.44492441312201,11.5799326873156
Lâm Đồng,68,Đức Trọng,678,Tân Hội,24976,"Lâm Đồng,Đức Trọng,Tân Hội",108.28880457285,11.7226571505217
Lâm Đồng,68,Đức Trọng,678,Tân Thành,24979,"Lâm Đồng,Đức Trọng,Tân Thành",108.270458959332,11.701454429657499
Lâm Đồng,68,Đức Trọng,678,TT. Liên Nghĩa,24958,"Lâm Đồng,Đức Trọng,TT. Liên Nghĩa",108.36712990480301,11.7269864080845
Lâm Đồng,68,Lạc Dương,675,Đạ Chais,24847,"Lâm Đồng,Lạc Dương,Đạ Chais",108.652345774899,12.171786809849902
Lâm Đồng,68,Lạc Dương,675,Da Nhim,24848,"Lâm Đồng,Lạc Dương,Da Nhim",108.549363930308,12.1778632848371
Lâm Đồng,68,Lạc Dương,675,Đạ Sar,24865,"Lâm Đồng,Lạc Dương,Đạ Sar",108.562679274139,12.0225073647787
Lâm Đồng,68,Lạc Dương,675,Đưng KNớ,24850,"Lâm Đồng,Lạc Dương,Đưng KNớ",108.42333596350201,12.2187250153075
Lâm Đồng,68,Lạc Dương,675,Lát,24862,"Lâm Đồng,Lạc Dương,Lát",108.39881347669399,12.070156996925002
Lâm Đồng,68,Lạc Dương,675,TT. Lạc Dương,24846,"Lâm Đồng,Lạc Dương,TT. Lạc Dương",108.431080000544,12.036028747063401
Lâm Đồng,68,Lâm Hà,676,Đạ Đờn,24895,"Lâm Đồng,Lâm Hà,Đạ Đờn",108.201886291112,11.839045358215001
Lâm Đồng,68,Lâm Hà,676,Đan Phượng,24922,"Lâm Đồng,Lâm Hà,Đan Phượng",108.198316210608,11.6862690538661
Lâm Đồng,68,Lâm Hà,676,Đông Thanh,24901,"Lâm Đồng,Lâm Hà,Đông Thanh",108.38477082710199,11.844135597927101
Lâm Đồng,68,Lâm Hà,676,Gia Lâm,24904,"Lâm Đồng,Lâm Hà,Gia Lâm",108.338310561136,11.803681022688698
Lâm Đồng,68,Lâm Hà,676,Hoài Đức,24913,"Lâm Đồng,Lâm Hà,Hoài Đức",108.14401529552799,11.742178532769302
Lâm Đồng,68,Lâm Hà,676,Liên Hà,24919,"Lâm Đồng,Lâm Hà,Liên Hà",108.132222170994,11.6951754678774
Lâm Đồng,68,Lâm Hà,676,Mê Linh,24892,"Lâm Đồng,Lâm Hà,Mê Linh",108.33570420240801,11.8848790315589
Lâm Đồng,68,Lâm Hà,676,Nam Hà,24925,"Lâm Đồng,Lâm Hà,Nam Hà",108.29244614933701,11.8362217344255
Lâm Đồng,68,Lâm Hà,676,Phi Tô,24883,"Lâm Đồng,Lâm Hà,Phi Tô",108.26909817864401,11.898648359029698
Lâm Đồng,68,Lâm Hà,676,Phúc Thọ,24898,"Lâm Đồng,Lâm Hà,Phúc Thọ",108.10954584486099,11.8149327891554
Lâm Đồng,68,Lâm Hà,676,Phú Sơn,24880,"Lâm Đồng,Lâm Hà,Phú Sơn",108.232577853463,11.9612543536176
Lâm Đồng,68,Lâm Hà,676,Tân Hà,24916,"Lâm Đồng,Lâm Hà,Tân Hà",108.206302728547,11.7331147777195
Lâm Đồng,68,Lâm Hà,676,Tân Thanh,24907,"Lâm Đồng,Lâm Hà,Tân Thanh",108.058366521518,11.7586342411201
Lâm Đồng,68,Lâm Hà,676,Tân Văn,24910,"Lâm Đồng,Lâm Hà,Tân Văn",108.219193543577,11.7738021914177
Lâm Đồng,68,Lâm Hà,676,TT. Đinh Văn,24871,"Lâm Đồng,Lâm Hà,TT. Đinh Văn",108.263396699001,11.7871981202851
Lâm Đồng,68,Lâm Hà,676,TT. Nam Ban,24868,"Lâm Đồng,Lâm Hà,TT. Nam Ban",108.332128890245,11.8450180750618
