01!06!2020,45,Vĩnh Linh,Vĩnh Ô,1
31!05!2020,45,Đa Krông,Đa Krông,1
27!05!2020,45,Triệu Phong,Triệu ái,5
27!05!2020,45,Hướng Hóa,Ba Tầng,1
26!05!2020,45,Đa Krông,Húc Nghì,8
26!05!2020,45,Đa Krông,Đa Krông,8
26!05!2020,45,Đa Krông,Ba Nang,8
26!05!2020,45,Đa Krông,Tà Rụt,8
26!05!2020,45,Triệu Phong,Triệu ái,6
26!05!2020,45,Gio Linh,Hải Thái,3
26!05!2020,45,Đông Hà,P. 3,2
26!05!2020,45,Cam Lộ,Cam Tuyền,2
26!05!2020,45,Vĩnh Linh,Vĩnh Sơn,1
24!05!2020,45,Hải Lăng,Hải Sơn,2
23!05!2020,45,Đa Krông,Hướng Hiệp,2
23!05!2020,45,Cam Lộ,Cam Thành,1
21!05!2020,45,Đa Krông,Húc Nghì,7
21!05!2020,45,Đa Krông,Đa Krông,7
21!05!2020,45,Đa Krông,Ba Nang,7
21!05!2020,45,Hướng Hóa,Hướng Sơn,3
21!05!2020,45,Hướng Hóa,Hướng Linh,3
21!05!2020,45,Vĩnh Linh,Vĩnh Hà,1
21!05!2020,45,Gio Linh,Gio Phong,1
19!05!2020,45,Đa Krông,A Vao,2
19!05!2020,45,Đa Krông,Tà Long,2
20!05!2020,45,Đa Krông,A Bung,3
20!05!2020,45,Đa Krông,Mò Ó,3
20!05!2020,45,Đa Krông,Đa Krông,3
20!05!2020,45,Vĩnh Linh,Vĩnh Ô,1
20!05!2020,45,Triệu Phong,Triệu Lăng,1
17!05!2020,45,Đa Krông,A Vao,6
17!05!2020,45,Đa Krông,TT. Krông Klang,6
17!05!2020,45,Đa Krông,Hướng Hiệp,6
17!05!2020,45,Đa Krông,Đa Krông,6
17!05!2020,45,Hướng Hóa,Hướng Lập,4
17!05!2020,45,Hướng Hóa,Hướng Phùng,4
18!05!2020,45,Triệu Phong,Triệu ái,3
18!05!2020,45,Hướng Hóa,TT. Lao Bảo,2
18!05!2020,45,Hướng Hóa,Hướng Linh,2
18!05!2020,45,Đa Krông,Ba Nang,1
15!05!2020,45,Đa Krông,Tà Long,6
15!05!2020,45,Đa Krông,Ba Nang,6
15!05!2020,45,Đa Krông,Đa Krông,6
15!05!2020,45,Hướng Hóa,Ba Tầng,1
16!05!2020,45,Triệu Phong,Triệu ái,2
16!05!2020,45,Đa Krông,Tà Long,1
14!05!2020,45,Đa Krông,Tà Rụt,17
14!05!2020,45,Đa Krông,Đa Krông,17
14!05!2020,45,Đa Krông,Tà Long,17
14!05!2020,45,Đa Krông,Ba Nang,17
14!05!2020,45,Hướng Hóa,Húc,2
14!05!2020,45,Hướng Hóa,Hướng Linh,2
14!05!2020,45,Vĩnh Linh,Vĩnh Ô,1
14!05!2020,45,Gio Linh,Linh Thượng,1
13!05!2020,45,Đa Krông,Húc Nghì,11
13!05!2020,45,Đa Krông,Ba Nang,11
13!05!2020,45,Hướng Hóa,Húc,7
13!05!2020,45,Hướng Hóa,Hướng Sơn,7
13!05!2020,45,Hướng Hóa,Hướng Linh,7
11!05!2020,45,Đa Krông,Tà Long,1
12!05!2020,45,Đa Krông,Triệu Nguyên,6
12!05!2020,45,Đa Krông,Húc Nghì,6
12!05!2020,45,Đa Krông,Đa Krông,6
12!05!2020,45,Đa Krông,Tà Long,6
12!05!2020,45,Hướng Hóa,Ba Tầng,2
12!05!2020,45,Cam Lộ,Cam Chính,1
10!05!2020,45,Đa Krông,Tà Rụt,46
10!05!2020,45,Đa Krông,Hướng Hiệp,46
10!05!2020,45,Đa Krông,Tà Long,46
10!05!2020,45,Đa Krông,A Vao,46
10!05!2020,45,Đa Krông,Ba Nang,46
10!05!2020,45,Đa Krông,Húc Nghì,46
10!05!2020,45,Đa Krông,Đa Krông,46
10!05!2020,45,Hướng Hóa,Hướng Sơn,9
10!05!2020,45,Hướng Hóa,Hướng Linh,9
10!05!2020,45,Hướng Hóa,Hướng Lộc,9
10!05!2020,45,Hướng Hóa,Húc,9
10!05!2020,45,Cam Lộ,Cam Chính,2
10!05!2020,45,Cam Lộ,Cam Tuyền,2
10!05!2020,45,Vĩnh Linh,Vĩnh Hà,1
10!05!2020,45,Gio Linh,Linh Thượng,1
09!05!2020,45,Đa Krông,Tà Long,23
09!05!2020,45,Đa Krông,Đa Krông,23
09!05!2020,45,Đa Krông,Ba Nang,23
09!05!2020,45,Đa Krông,Tà Rụt,23
09!05!2020,45,Đa Krông,A Vao,23
09!05!2020,45,Hướng Hóa,Hướng Sơn,4
09!05!2020,45,Hướng Hóa,Hướng Lộc,4
09!05!2020,45,Hướng Hóa,Hướng Linh,4
09!05!2020,45,Triệu Phong,Triệu Hòa,3
09!05!2020,45,Cam Lộ,Cam Tuyền,2
09!05!2020,45,Hải Lăng,Hải Trường,1
08!05!2020,45,Đa Krông,Đa Krông,6
08!05!2020,45,Đa Krông,Ba Nang,6
08!05!2020,45,Vĩnh Linh,Vĩnh Ô,2
07!05!2020,45,Hướng Hóa,Húc,1
06!05!2020,45,Đa Krông,A Vao,22
06!05!2020,45,Đa Krông,Hướng Hiệp,22
06!05!2020,45,Đa Krông,Đa Krông,22
06!05!2020,45,Đa Krông,Ba Nang,22
06!05!2020,45,Hướng Hóa,Ba Tầng,8
06!05!2020,45,Hướng Hóa,Húc,8
06!05!2020,45,Gio Linh,Linh Thượng,2
06!05!2020,45,Triệu Phong,Triệu Sơn,1
05!05!2020,45,Đa Krông,A Vao,34
05!05!2020,45,Đa Krông,Tà Long,34
05!05!2020,45,Đa Krông,Húc Nghì,34
05!05!2020,45,Đa Krông,Đa Krông,34
05!05!2020,45,Đa Krông,A Ngo,34
05!05!2020,45,Đa Krông,Ba Nang,34
05!05!2020,45,Đa Krông,Tà Rụt,34
05!05!2020,45,Hướng Hóa,Húc,8
05!05!2020,45,Hướng Hóa,TT. Khe Sanh,8
05!05!2020,45,Hướng Hóa,Tân Hợp,8
05!05!2020,45,Hướng Hóa,Hướng Linh,8
05!05!2020,45,Triệu Phong,Triệu Tài,4
05!05!2020,45,Triệu Phong,Triệu Đông,4
05!05!2020,45,Triệu Phong,Triệu Trạch,4
05!05!2020,45,Gio Linh,Linh Thượng,2
05!05!2020,45,Gio Linh,Gio Quang,2
05!05!2020,45,Cam Lộ,Cam Tuyền,2
05!05!2020,45,Hải Lăng,Hải Sơn,2
05!05!2020,45,Hải Lăng,Hải Chánh,2
03!05!2020,45,Hướng Hóa,Hướng Linh,9
03!05!2020,45,Hướng Hóa,Hướng Phùng,9
03!05!2020,45,Hướng Hóa,Húc,9
03!05!2020,45,Hướng Hóa,Tân Thành,9
03!05!2020,45,Đa Krông,Hướng Hiệp,6
03!05!2020,45,Đa Krông,Đa Krông,6
03!05!2020,45,Đa Krông,Tà Long,6
02!05!2020,45,Hướng Hóa,A Dơi,14
02!05!2020,45,Hướng Hóa,Ba Tầng,14
02!05!2020,45,Hướng Hóa,Tân Hợp,14
02!05!2020,45,Hướng Hóa,Hướng Sơn,14
02!05!2020,45,Hướng Hóa,Tân Thành,14
02!05!2020,45,Hướng Hóa,Hướng Lộc,14
02!05!2020,45,Hướng Hóa,Húc,14
02!05!2020,45,Đa Krông,A Vao,6
02!05!2020,45,Đa Krông,Tà Long,6
02!05!2020,45,Đa Krông,A Bung,6
02!05!2020,45,Đa Krông,Tà Rụt,6
02!05!2020,45,Vĩnh Linh,Vĩnh Ô,2
02!05!2020,45,Hải Lăng,Hải Thọ,1
01!05!2020,45,Hướng Hóa,Hướng Phùng,14
01!05!2020,45,Hướng Hóa,Hướng Sơn,14
01!05!2020,45,Hướng Hóa,Húc,14
01!05!2020,45,Hướng Hóa,Hướng Lộc,14
01!05!2020,45,Hướng Hóa,Tân Lập,14
01!05!2020,45,Hướng Hóa,Ba Tầng,14
01!05!2020,45,Hướng Hóa,Tân Hợp,14
01!05!2020,45,Vĩnh Linh,Vĩnh Ô,2
01!05!2020,45,Đa Krông,Đa Krông,2
01!05!2020,45,Đa Krông,Tà Long,2
01!05!2020,45,Cam Lộ,Cam Nghĩa,2
01!05!2020,45,Triệu Phong,Triệu Phước,1
30!04!2020,45,Hướng Hóa,Ba Tầng,1
29!04!2020,45,Hướng Hóa,Húc,5
29!04!2020,45,Hướng Hóa,Tân Thành,5
29!04!2020,45,Hướng Hóa,TT. Khe Sanh,5
29!04!2020,45,Đa Krông,Đa Krông,1
28!04!2020,45,Hướng Hóa,Hướng Lộc,1
22!04!2020,45,Hải Lăng,Hải Chánh,1
11!04!2020,45,Hướng Hóa,Hướng Lập,2
10!04!2020,45,Hướng Hóa,Tân Thành,2
05!04!2020,45,Hướng Hóa,Xy,1
03!04!2020,45,Hướng Hóa,Hướng Lộc,5
03!04!2020,45,Hướng Hóa,Húc,5
03!04!2020,45,Hướng Hóa,A Xing,5
01!04!2020,45,Hướng Hóa,A Dơi,2
01!04!2020,45,Hướng Hóa,Xy,2
02!04!2020,45,Hướng Hóa,Ba Tầng,3
02!04!2020,45,Hướng Hóa,Tân Long,3
02!04!2020,45,Hướng Hóa,TT. Lao Bảo,3
31!03!2020,45,Hướng Hóa,Ba Tầng,2
31!03!2020,45,Đa Krông,Triệu Nguyên,2
29!03!2020,45,Hướng Hóa,Tân Long,1
27!03!2020,45,Hướng Hóa,Hướng Lộc,3
27!03!2020,45,Hướng Hóa,Xy,3
27!03!2020,45,Cam Lộ,Cam Chính,2
27!03!2020,45,Cam Lộ,Cam Nghĩa,2
27!03!2020,45,Vĩnh Linh,Vĩnh Hà,1
27!03!2020,45,Hải Lăng,Hải Chánh,1
26!03!2020,45,Hướng Hóa,Tân Thành,2
26!03!2020,45,Vĩnh Linh,Vĩnh Hà,1
25!03!2020,45,Hướng Hóa,Hướng Lộc,1
24!03!2020,45,Hướng Hóa,TT. Lao Bảo,1
22!03!2020,45,Vĩnh Linh,Vĩnh Hà,3
22!03!2020,45,Hướng Hóa,Hướng Linh,2
22!03!2020,45,Hướng Hóa,Hướng Phùng,2
21!03!2020,45,Gio Linh,Gio An,1
20!03!2020,45,Hướng Hóa,Hướng Lộc,6
20!03!2020,45,Hướng Hóa,Tân Long,6
20!03!2020,45,Hướng Hóa,Xy,6
20!03!2020,45,Hướng Hóa,Ba Tầng,6
20!03!2020,45,Hướng Hóa,Tân Thành,6
20!03!2020,45,Đa Krông,A Vao,1
17!03!2020,45,Đa Krông,Tà Rụt,2
18!03!2020,45,Hướng Hóa,Hướng Lộc,4
18!03!2020,45,Hướng Hóa,TT. Lao Bảo,4
18!03!2020,45,Hướng Hóa,Thuận,4
16!03!2020,45,Đa Krông,A Ngo,3
16!03!2020,45,Đa Krông,A Bung,3
15!03!2020,45,Hướng Hóa,TT. Lao Bảo,1
13!03!2020,45,Hướng Hóa,Hướng Lộc,6
13!03!2020,45,Hướng Hóa,Tân Thành,6
13!03!2020,45,Hướng Hóa,A Dơi,6
13!03!2020,45,Vĩnh Linh,Vĩnh Ô,1
12!03!2020,45,Hướng Hóa,Hướng Lộc,1
10!03!2020,45,Hướng Hóa,Tân Lập,1
09!03!2020,45,Hướng Hóa,Thuận,8
09!03!2020,45,Hướng Hóa,Ba Tầng,8
09!03!2020,45,Hướng Hóa,Tân Thành,8
09!03!2020,45,Hướng Hóa,Tân Long,8
09!03!2020,45,Hướng Hóa,Xy,8
09!03!2020,45,Hướng Hóa,TT. Lao Bảo,8
09!03!2020,45,Hải Lăng,Hải Thọ,2
09!03!2020,45,Hải Lăng,Hải Trường,2
09!03!2020,45,Đông Hà,P. Đông Lương,1
09!03!2020,45,Cam Lộ,Cam Nghĩa,1
07!03!2020,45,Đa Krông,Tà Rụt,1
08!03!2020,45,Hướng Hóa,Xy,2
08!03!2020,45,Hướng Hóa,Thuận,2
08!03!2020,45,Đa Krông,Hướng Hiệp,2
04!03!2020,45,Hướng Hóa,Xy,1
04!03!2020,45,Đa Krông,A Bung,1
02!03!2020,45,Triệu Phong,Triệu Thượng,1
02!03!2020,45,Hải Lăng,Hải Chánh,1
29!02!2020,45,Cam Lộ,Cam Thành,1
28!02!2020,45,Đa Krông,A Ngo,2
27!02!2020,45,Hải Lăng,Hải Lâm,1
26!02!2020,45,Đa Krông,A Bung,1
24!02!2020,45,Hải Lăng,Hải Sơn,2
20!02!2020,45,Triệu Phong,Triệu Thượng,6
15!02!2020,45,Đa Krông,A Ngo,2
14!02!2020,45,Đa Krông,A Vao,20
14!02!2020,45,Vĩnh Linh,Vĩnh Chấp,6
14!02!2020,45,Hướng Hóa,A Dơi,6
12!02!2020,45,Hướng Hóa,Xy,1
13!02!2020,45,Vĩnh Linh,Vĩnh Hà,5
13!02!2020,45,Đa Krông,Tà Rụt,2
13!02!2020,45,Triệu Phong,Triệu Thượng,2
09!02!2020,45,Đa Krông,A Ngo,27
09!02!2020,45,Đa Krông,Tà Rụt,27
08!02!2020,45,Đa Krông,A Vao,51
08!02!2020,45,Đa Krông,A Ngo,51
08!02!2020,45,Cam Lộ,Cam Nghĩa,6
08!02!2020,45,Hướng Hóa,Hướng Lộc,1
07!02!2020,45,Đa Krông,A Vao,21
07!02!2020,45,Đa Krông,A Bung,21
07!02!2020,45,Hải Lăng,Hải Trường,9
06!02!2020,45,Hướng Hóa,A Xing,64
06!02!2020,45,Hướng Hóa,Húc,64
06!02!2020,45,Hướng Hóa,Tân Lập,64
06!02!2020,45,Hướng Hóa,Tân Thành,64
06!02!2020,45,Hướng Hóa,A Dơi,64
06!02!2020,45,Hướng Hóa,Xy,64
06!02!2020,45,Đa Krông,A Vao,36
06!02!2020,45,Đa Krông,A Bung,36
06!02!2020,45,Đa Krông,Tà Rụt,36
04!02!2020,45,Hướng Hóa,A Dơi,33
04!02!2020,45,Hướng Hóa,Xy,33
04!02!2020,45,Hướng Hóa,Hướng Lộc,33
04!02!2020,45,Hướng Hóa,Ba Tầng,33
04!02!2020,45,Đa Krông,Đa Krông,20
04!02!2020,45,Đa Krông,A Vao,20
04!02!2020,45,Gio Linh,Trung Sơn,15
04!02!2020,45,Gio Linh,Linh Thượng,15
04!02!2020,45,Hải Lăng,Hải Sơn,12
04!02!2020,45,Vĩnh Linh,Vĩnh Hà,5
04!02!2020,45,Cam Lộ,Cam Tuyền,5
04!02!2020,45,Triệu Phong,Triệu ái,5
05!02!2020,45,Hướng Hóa,Hướng Sơn,21
05!02!2020,45,Hướng Hóa,A Dơi,21
05!02!2020,45,Gio Linh,Gio An,14
05!02!2020,45,Đa Krông,Tà Rụt,8
05!02!2020,45,Hải Lăng,Hải Chánh,7
02!02!2020,45,Gio Linh,Trung Sơn,3
03!02!2020,45,Hướng Hóa,Hướng Linh,4
03!02!2020,45,Gio Linh,Gio Châu,4
03!02!2020,45,Gio Linh,Gio Quang,4
03!02!2020,45,Đa Krông,A Vao,2
03!02!2020,45,Cam Lộ,Cam Tuyền,1
23!01!2020,45,Gio Linh,Linh Thượng,3
23!01!2020,45,Đa Krông,A Vao,3
23!01!2020,45,Đa Krông,Ba Nang,3
23!01!2020,45,Cam Lộ,Cam Tuyền,1
22!01!2020,45,Hướng Hóa,Ba Tầng,2
22!01!2020,45,Đa Krông,Đa Krông,1
21!01!2020,45,Hướng Hóa,Ba Tầng,3
21!01!2020,45,Hướng Hóa,Hướng Lộc,3
21!01!2020,45,Cam Lộ,Cam An,3
21!01!2020,45,Cam Lộ,Cam Tuyền,3
20!01!2020,45,Hướng Hóa,Húc,5
20!01!2020,45,Hướng Hóa,Hướng Phùng,5
20!01!2020,45,Hướng Hóa,Ba Tầng,5
20!01!2020,45,Đa Krông,Tà Rụt,2
19!01!2020,45,Vĩnh Linh,Vĩnh Thủy,2
19!01!2020,45,Vĩnh Linh,Vĩnh Hà,2
19!01!2020,45,Triệu Phong,Triệu Thượng,2
19!01!2020,45,Triệu Phong,Triệu ái,2
19!01!2020,45,Hướng Hóa,Tân Lập,1
19!01!2020,45,Gio Linh,Linh Thượng,1
19!01!2020,45,Đa Krông,Tà Rụt,1
17!01!2020,45,Đa Krông,A Ngo,1
18!01!2020,45,Hải Lăng,Hải Sơn,3
18!01!2020,45,Hải Lăng,Hải Lâm,3
18!01!2020,45,Vĩnh Linh,Vĩnh Sơn,2
18!01!2020,45,Đa Krông,Ba Lòng,1
16!01!2020,45,Đa Krông,Đa Krông,4
16!01!2020,45,Hướng Hóa,Hướng Linh,3
16!01!2020,45,Hướng Hóa,Ba Tầng,3
16!01!2020,45,Gio Linh,Linh Hải,1
15!01!2020,45,Hướng Hóa,A Xing,5
15!01!2020,45,Hướng Hóa,Tân Long,5
15!01!2020,45,Hướng Hóa,A Dơi,5
15!01!2020,45,Hướng Hóa,Ba Tầng,5
15!01!2020,45,Hướng Hóa,Xy,5
15!01!2020,45,Gio Linh,Gio An,3
15!01!2020,45,Gio Linh,Vĩnh Trường,3
15!01!2020,45,Đa Krông,A Vao,1
15!01!2020,45,Cam Lộ,Cam Tuyền,1
15!01!2020,45,Triệu Phong,Triệu Thượng,1
15!01!2020,45,Hải Lăng,Hải Sơn,1
14!01!2020,45,Đa Krông,Tà Rụt,3
14!01!2020,45,Hướng Hóa,Hướng Lộc,2
14!01!2020,45,Hướng Hóa,Ba Tầng,2
14!01!2020,45,Cam Lộ,Cam Tuyền,2
11!01!2020,45,Triệu Phong,Triệu ái,2
11!01!2020,45,Đông Hà,P. 3,1
11!01!2020,45,Đa Krông,Hải Phúc,1
10!01!2020,45,Vĩnh Linh,Vĩnh Ô,1
10!01!2020,45,Cam Lộ,Cam An,1
10!01!2020,45,Hải Lăng,Hải Trường,1
09!01!2020,45,Hướng Hóa,Hướng Lộc,1
09!01!2020,45,Đa Krông,Tà Rụt,1
09!01!2020,45,Hải Lăng,Hải Lâm,1
07!01!2020,45,Hướng Hóa,Hướng Phùng,5
07!01!2020,45,Hướng Hóa,Hướng Lộc,5
07!01!2020,45,Hướng Hóa,Xy,5
07!01!2020,45,Đa Krông,A Ngo,4
07!01!2020,45,Đa Krông,Tà Rụt,4
07!01!2020,45,Hải Lăng,Hải Lâm,3
07!01!2020,45,Hải Lăng,Hải Trường,3
07!01!2020,45,TX. Quảng Trị,Hải Lệ,1
05!01!2020,45,Triệu Phong,Triệu Thượng,2
05!01!2020,45,Hướng Hóa,Ba Tầng,1
05!01!2020,45,Hải Lăng,Hải Trường,1
06!01!2020,45,Vĩnh Linh,Vĩnh Thủy,2
06!01!2020,45,Vĩnh Linh,Vĩnh Hà,2
06!01!2020,45,Triệu Phong,Triệu ái,2
06!01!2020,45,TX. Quảng Trị,Hải Lệ,1
30!12!2019,45,Hướng Hóa,Tân Long,3
30!12!2019,45,Hướng Hóa,Tân Lập,3
28!12!2019,45,Đa Krông,A Ngo,1
26!12!2019,45,Gio Linh,Trung Sơn,2
26!12!2019,45,Hải Lăng,Hải Lâm,2
27!12!2019,45,Hướng Hóa,Húc,1
25!12!2019,45,Hướng Hóa,Húc,5
25!12!2019,45,Hướng Hóa,Xy,5
25!12!2019,45,Hướng Hóa,Thanh,5
25!12!2019,45,Vĩnh Linh,Vĩnh Hà,4
25!12!2019,45,Vĩnh Linh,Vĩnh Khê,4
25!12!2019,45,Đa Krông,Tà Long,2
25!12!2019,45,Đa Krông,Ba Nang,2
25!12!2019,45,Cam Lộ,Cam Tuyền,1
25!12!2019,45,Triệu Phong,Triệu ái,1
18!11!2019,45,Gio Linh,Linh Thượng,4
18!11!2019,45,Đa Krông,TT. Krông Klang,2
18!11!2019,45,Đa Krông,Đa Krông,2
18!11!2019,45,Hải Lăng,Hải Sơn,2
18!11!2019,45,Hướng Hóa,Hướng Lộc,1
18!11!2019,45,Cam Lộ,Cam Thành,1
19!11!2019,45,Đa Krông,Húc Nghì,1
17!11!2019,45,Vĩnh Linh,Vĩnh Long,4
17!11!2019,45,Vĩnh Linh,Vĩnh Tú,4
17!11!2019,45,Hướng Hóa,A Dơi,3
17!11!2019,45,Hướng Hóa,Ba Tầng,3
17!11!2019,45,Hướng Hóa,Hướng Lộc,3
17!11!2019,45,Cam Lộ,Cam Chính,2
17!11!2019,45,Cam Lộ,Cam An,2
17!11!2019,45,Triệu Phong,Triệu Thượng,2
17!11!2019,45,Triệu Phong,Triệu ái,2
17!11!2019,45,Hải Lăng,Hải Lâm,2
17!11!2019,45,Hải Lăng,Hải Trường,2
17!11!2019,45,Đa Krông,A Ngo,1
17!11!2019,45,Gio Linh,Linh Hải,1
17!11!2019,45,TX. Quảng Trị,Hải Lệ,1
08!11!2019,45,Vĩnh Linh,Vĩnh Tú,1
06!11!2019,45,Vĩnh Linh,Vĩnh Tú,2
28!10!2019,45,Cam Lộ,Cam Thủy,2
25!10!2019,45,Vĩnh Linh,Vĩnh Thủy,1
25!10!2019,45,Hướng Hóa,A Dơi,1
25!10!2019,45,Gio Linh,Linh Thượng,1
23!10!2019,45,Vĩnh Linh,Vĩnh Chấp,4
23!10!2019,45,Vĩnh Linh,Vĩnh Sơn,4
23!10!2019,45,Vĩnh Linh,Vĩnh Thủy,4
23!10!2019,45,Hướng Hóa,A Dơi,3
23!10!2019,45,Hướng Hóa,Ba Tầng,3
23!10!2019,45,Hướng Hóa,A Túc,3
23!10!2019,45,Cam Lộ,Cam Tuyền,3
23!10!2019,45,Cam Lộ,Cam Thành,3
23!10!2019,45,Cam Lộ,Cam Chính,3
23!10!2019,45,Hải Lăng,Hải Sơn,2
23!10!2019,45,Đa Krông,Ba Nang,1
24!10!2019,45,Vĩnh Linh,Vĩnh Khê,6
24!10!2019,45,Hải Lăng,Hải Trường,4
24!10!2019,45,Hải Lăng,Hải Thọ,4
24!10!2019,45,Hải Lăng,Hải Sơn,4
24!10!2019,45,Đa Krông,Ba Nang,3
24!10!2019,45,Đa Krông,Đa Krông,3
24!10!2019,45,Gio Linh,Linh Thượng,1
24!10!2019,45,Cam Lộ,Cam Tuyền,1
21!10!2019,45,Cam Lộ,Cam Tuyền,3
21!10!2019,45,Cam Lộ,Cam Thành,3
21!10!2019,45,Hải Lăng,Hải Sơn,3
21!10!2019,45,Hải Lăng,Hải Lâm,3
21!10!2019,45,Gio Linh,Linh Thượng,2
21!10!2019,45,Đa Krông,Ba Nang,2
21!10!2019,45,Đa Krông,Tà Long,2
22!10!2019,45,Cam Lộ,Cam Tuyền,6
22!10!2019,45,Cam Lộ,Cam Thành,6
22!10!2019,45,Cam Lộ,Cam Chính,6
22!10!2019,45,Hướng Hóa,Hướng Sơn,5
22!10!2019,45,Hướng Hóa,Ba Tầng,5
22!10!2019,45,Đa Krông,TT. Krông Klang,2
22!10!2019,45,Đa Krông,Tà Long,2
22!10!2019,45,Vĩnh Linh,Vĩnh Ô,1
20!10!2019,45,Gio Linh,Linh Hải,2
20!10!2019,45,Hướng Hóa,Xy,1
20!10!2019,45,Hải Lăng,Hải Lâm,1
17!10!2019,45,Hải Lăng,Hải Sơn,2
13!10!2019,45,Hải Lăng,Hải Sơn,5
13!10!2019,45,Hải Lăng,Hải Lâm,5
13!10!2019,45,Hải Lăng,Hải Thọ,5
13!10!2019,45,Vĩnh Linh,Vĩnh Hà,2
13!10!2019,45,Hướng Hóa,Hướng Lộc,2
13!10!2019,45,Đa Krông,Húc Nghì,1
13!10!2019,45,Cam Lộ,Cam Tuyền,1
13!10!2019,45,Triệu Phong,Triệu Thượng,1
11!10!2019,45,Triệu Phong,Triệu ái,2
11!10!2019,45,Hải Lăng,Hải Sơn,1
12!10!2019,45,Triệu Phong,Triệu Thượng,7
12!10!2019,45,Hải Lăng,Hải Sơn,3
12!10!2019,45,Hải Lăng,Hải Lâm,3
12!10!2019,45,Vĩnh Linh,Vĩnh Chấp,1
12!10!2019,45,Hướng Hóa,Húc,1
10!10!2019,45,Hướng Hóa,Ba Tầng,2
07!10!2019,45,Triệu Phong,Triệu Thượng,3
07!10!2019,45,Vĩnh Linh,Vĩnh Hà,1
07!10!2019,45,Hướng Hóa,Hướng Lộc,1
08!10!2019,45,Triệu Phong,Triệu Thượng,4
08!10!2019,45,Vĩnh Linh,Vĩnh Chấp,3
08!10!2019,45,Hải Lăng,Hải Phú,1
06!10!2019,45,Hải Lăng,Hải Trường,9
06!10!2019,45,Hải Lăng,Hải Chánh,9
06!10!2019,45,Vĩnh Linh,Vĩnh Khê,3
06!10!2019,45,Vĩnh Linh,Vĩnh Chấp,3
06!10!2019,45,Hướng Hóa,TT. Lao Bảo,2
06!10!2019,45,Hướng Hóa,Hướng Sơn,2
06!10!2019,45,Cam Lộ,Cam Chính,1
06!10!2019,45,Triệu Phong,Triệu ái,1
05!10!2019,45,Đa Krông,Hướng Hiệp,1
05!10!2019,45,Triệu Phong,Triệu ái,1
04!10!2019,45,Hải Lăng,Hải Chánh,4
04!10!2019,45,Hải Lăng,Hải Sơn,4
04!10!2019,45,Hải Lăng,Hải Trường,4
04!10!2019,45,Triệu Phong,Triệu Thượng,3
04!10!2019,45,Hướng Hóa,Ba Tầng,2
04!10!2019,45,Đa Krông,Tà Long,2
04!10!2019,45,Cam Lộ,Cam Tuyền,1
03!10!2019,45,Vĩnh Linh,Vĩnh Hà,5
03!10!2019,45,Vĩnh Linh,Vĩnh Tú,5
03!10!2019,45,Đa Krông,Tà Long,4
03!10!2019,45,Đa Krông,Triệu Nguyên,4
03!10!2019,45,Cam Lộ,Cam Tuyền,2
03!10!2019,45,Cam Lộ,Cam Chính,2
03!10!2019,45,Hải Lăng,Hải Sơn,2
02!10!2019,45,Triệu Phong,Triệu ái,5
02!10!2019,45,Vĩnh Linh,Vĩnh Chấp,4
02!10!2019,45,Gio Linh,Linh Thượng,2
02!10!2019,45,Cam Lộ,Cam Tuyền,1
01!10!2019,45,Triệu Phong,Triệu Thượng,6
01!10!2019,45,Triệu Phong,Triệu ái,6
01!10!2019,45,Vĩnh Linh,Vĩnh Chấp,5
01!10!2019,45,Vĩnh Linh,Vĩnh Hà,5
01!10!2019,45,Vĩnh Linh,Vĩnh Thủy,5
01!10!2019,45,Gio Linh,Linh Thượng,3
01!10!2019,45,TX. Quảng Trị,Hải Lệ,2
01!10!2019,45,Đa Krông,Tà Rụt,1
30!09!2019,45,Hải Lăng,Hải Thượng,3
30!09!2019,45,Vĩnh Linh,Vĩnh Tú,2
30!09!2019,45,Vĩnh Linh,Vĩnh Chấp,2
30!09!2019,45,Gio Linh,Vĩnh Trường,2
30!09!2019,45,Triệu Phong,Triệu Thượng,1
29!09!2019,45,Hải Lăng,Hải Sơn,3
29!09!2019,45,Hải Lăng,Hải Chánh,3
29!09!2019,45,Vĩnh Linh,Vĩnh Tú,2
29!09!2019,45,Gio Linh,Linh Thượng,2
29!09!2019,45,Triệu Phong,Triệu ái,2
24!09!2019,45,Vĩnh Linh,Vĩnh Tú,1
22!09!2019,45,Vĩnh Linh,Vĩnh Chấp,1
17!09!2019,45,Triệu Phong,Triệu ái,5
17!09!2019,45,Hải Lăng,Hải Sơn,2
17!09!2019,45,Vĩnh Linh,Vĩnh Tú,1
17!09!2019,45,Hướng Hóa,Hướng Phùng,1
17!09!2019,45,Đa Krông,Tà Rụt,1
15!09!2019,45,Hải Lăng,Hải Sơn,5
15!09!2019,45,Hải Lăng,Hải Chánh,5
15!09!2019,45,Cam Lộ,Cam Chính,3
15!09!2019,45,Vĩnh Linh,Vĩnh Trung,1
15!09!2019,45,Đa Krông,Hải Phúc,1
16!09!2019,45,Hải Lăng,Hải Sơn,7
16!09!2019,45,Hải Lăng,Hải Trường,7
16!09!2019,45,Hướng Hóa,Hướng Lộc,2
16!09!2019,45,Triệu Phong,Triệu ái,1
14!09!2019,45,Vĩnh Linh,Vĩnh Tú,1
12!09!2019,45,Gio Linh,Gio Bình,2
10!09!2019,45,Vĩnh Linh,Vĩnh Tú,1
09!09!2019,45,Vĩnh Linh,Vĩnh Tú,1
08!09!2019,45,Triệu Phong,Triệu ái,6
07!09!2019,45,Vĩnh Linh,Vĩnh Chấp,4
07!09!2019,45,Hải Lăng,Hải Sơn,1
27!08!2019,45,Đa Krông,Tà Long,6
27!08!2019,45,Đa Krông,Húc Nghì,6
27!08!2019,45,Vĩnh Linh,Vĩnh Hà,1
17!08!2019,45,Hải Lăng,Hải Sơn,2
15!08!2019,45,Vĩnh Linh,Vĩnh Hà,1
15!08!2019,45,Gio Linh,Linh Thượng,1
13!08!2019,45,Hải Lăng,Hải Trường,2
11!08!2019,45,Hải Lăng,Hải Chánh,6
11!08!2019,45,Hải Lăng,Hải Trường,6
09!08!2019,45,Vĩnh Linh,Vĩnh Ô,1
07!08!2019,45,Cam Lộ,Cam Thành,1
05!08!2019,45,Vĩnh Linh,Vĩnh Hà,2
04!08!2019,45,Đa Krông,Hải Phúc,2
04!08!2019,45,TX. Quảng Trị,Hải Lệ,1
30!07!2019,45,Gio Linh,Linh Thượng,1
29!07!2019,45,Cam Lộ,Cam Tuyền,3
29!07!2019,45,Đa Krông,Hướng Hiệp,1
27!07!2019,45,Đa Krông,Hướng Hiệp,1
26!07!2019,45,Hải Lăng,Hải Thượng,9
26!07!2019,45,Hải Lăng,Hải Phú,9
26!07!2019,45,Triệu Phong,Triệu ái,1
24!07!2019,45,Triệu Phong,Triệu ái,1
25!07!2019,45,Hải Lăng,Hải Sơn,1
21!07!2019,45,Hướng Hóa,Hướng Linh,4
20!07!2019,45,Triệu Phong,Triệu Sơn,9
20!07!2019,45,Đa Krông,Ba Lòng,2
16!07!2019,45,Vĩnh Linh,Vĩnh Chấp,1
17!07!2019,45,Gio Linh,Trung Sơn,2
14!07!2019,45,Hải Lăng,Hải Sơn,2
11!07!2019,45,Đa Krông,Ba Lòng,4
11!07!2019,45,Đa Krông,Tà Long,4
11!07!2019,45,Cam Lộ,Cam Thành,1
08!07!2019,45,Vĩnh Linh,Vĩnh Hà,1
08!07!2019,45,Gio Linh,Linh Thượng,1
08!07!2019,45,Đa Krông,Hướng Hiệp,1
07!07!2019,45,Vĩnh Linh,Vĩnh Hà,1
07!07!2019,45,Cam Lộ,Cam Chính,1
07!07!2019,45,Triệu Phong,Triệu ái,1
05!07!2019,45,Hải Lăng,Hải Sơn,4
05!07!2019,45,Hải Lăng,Hải Trường,4
01!07!2019,45,Hải Lăng,Hải Sơn,2
01!07!2019,45,Hải Lăng,Hải Lâm,2
01!07!2019,45,Đa Krông,Hải Phúc,1
30!06!2019,45,Đa Krông,Hướng Hiệp,2
30!06!2019,45,Gio Linh,Linh Thượng,1
28!06!2019,45,Hải Lăng,Hải Sơn,2
28!06!2019,45,Hải Lăng,Hải Trường,2
27!06!2019,45,Đa Krông,Húc Nghì,1
22!06!2019,45,Hải Lăng,Hải Trường,1
20!06!2019,45,Hải Lăng,Hải Sơn,2
18!06!2019,45,Hải Lăng,Hải Sơn,1
19!06!2019,45,Gio Linh,Gio Quang,1
17!06!2019,45,Cam Lộ,Cam Tuyền,2
17!06!2019,45,Hướng Hóa,Hướng Sơn,1
12!06!2019,45,Vĩnh Linh,Vĩnh Hà,2
12!06!2019,45,Vĩnh Linh,Vĩnh Sơn,2
12!06!2019,45,Đa Krông,Húc Nghì,2
12!06!2019,45,Đa Krông,Ba Nang,2
12!06!2019,45,Gio Linh,Gio An,1
12!06!2019,45,Hải Lăng,Hải Sơn,1
11!06!2019,45,Đa Krông,Húc Nghì,3
11!06!2019,45,Đa Krông,Hướng Hiệp,3
11!06!2019,45,Hải Lăng,Hải Sơn,2
09!06!2019,45,Gio Linh,Gio Quang,1
08!06!2019,45,Cam Lộ,Cam Tuyền,3
05!06!2019,45,Đa Krông,Hướng Hiệp,19
05!06!2019,45,Đa Krông,Đa Krông,19
05!06!2019,45,Đa Krông,Tà Long,19
05!06!2019,45,Đa Krông,Ba Nang,19
05!06!2019,45,Đa Krông,Húc Nghì,19
05!06!2019,45,Đa Krông,Tà Rụt,19
05!06!2019,45,Hải Lăng,Hải Lâm,3
05!06!2019,45,Hải Lăng,Hải Thọ,3
05!06!2019,45,Hướng Hóa,Hướng Linh,2
05!06!2019,45,Gio Linh,Linh Thượng,2
05!06!2019,45,Cam Lộ,Cam Nghĩa,1
04!06!2019,45,Đa Krông,Húc Nghì,4
04!06!2019,45,Đa Krông,Ba Nang,4
04!06!2019,45,Hải Lăng,Hải Chánh,1
02!06!2019,45,Đa Krông,Hướng Hiệp,1
01!06!2019,45,Hải Lăng,Hải Sơn,1
31!05!2019,45,Gio Linh,Linh Thượng,3
31!05!2019,45,Vĩnh Linh,Vĩnh Tú,1
31!05!2019,45,Đa Krông,Tà Long,1
27!05!2019,45,Đa Krông,Húc Nghì,3
27!05!2019,45,Đa Krông,Ba Nang,3
26!05!2019,45,Triệu Phong,Triệu ái,1
25!05!2019,45,Hải Lăng,Hải Sơn,1
24!05!2019,45,Hải Lăng,Hải Lâm,2
24!05!2019,45,Cam Lộ,Cam Tuyền,1
23!05!2019,45,Hướng Hóa,Húc,2
23!05!2019,45,Hướng Hóa,Hướng Linh,2
23!05!2019,45,Đa Krông,Ba Nang,1
21!05!2019,45,Cam Lộ,Cam Chính,1
20!05!2019,45,Đa Krông,Húc Nghì,24
20!05!2019,45,Đa Krông,Ba Nang,24
20!05!2019,45,Đa Krông,Tà Rụt,24
20!05!2019,45,Đa Krông,Tà Long,24
20!05!2019,45,Đa Krông,Đa Krông,24
20!05!2019,45,Hướng Hóa,Ba Tầng,4
20!05!2019,45,Hướng Hóa,Húc,4
20!05!2019,45,Cam Lộ,Cam Tuyền,1
19!05!2019,45,Đa Krông,Tà Long,20
19!05!2019,45,Đa Krông,Tà Rụt,20
19!05!2019,45,Đa Krông,Ba Nang,20
19!05!2019,45,Đa Krông,Đa Krông,20
19!05!2019,45,Hướng Hóa,Húc,3
19!05!2019,45,Hướng Hóa,Hướng Linh,3
19!05!2019,45,Vĩnh Linh,Vĩnh Ô,1
19!05!2019,45,Gio Linh,Linh Thượng,1
18!05!2019,45,Đa Krông,Ba Nang,16
18!05!2019,45,Đa Krông,Đa Krông,16
18!05!2019,45,Đa Krông,Tà Long,16
18!05!2019,45,Đa Krông,TT. Krông Klang,16
18!05!2019,45,Hướng Hóa,Hướng Sơn,7
18!05!2019,45,Hướng Hóa,Hướng Lập,7
18!05!2019,45,Hướng Hóa,Húc,7
18!05!2019,45,Vĩnh Linh,Vĩnh Ô,2
18!05!2019,45,Triệu Phong,Triệu ái,1
17!05!2019,45,Đa Krông,Tà Long,9
17!05!2019,45,Đa Krông,Ba Nang,9
17!05!2019,45,Hướng Hóa,Húc,6
17!05!2019,45,Hướng Hóa,Hướng Sơn,6
17!05!2019,45,Hướng Hóa,Hướng Linh,6
17!05!2019,45,Hướng Hóa,Hướng Lập,6
16!05!2019,45,Đa Krông,Tà Rụt,32
16!05!2019,45,Đa Krông,A Vao,32
16!05!2019,45,Đa Krông,Tà Long,32
16!05!2019,45,Đa Krông,Đa Krông,32
16!05!2019,45,Đa Krông,Ba Nang,32
16!05!2019,45,Đa Krông,Húc Nghì,32
16!05!2019,45,Đông Hà,P. 3,2
16!05!2019,45,Vĩnh Linh,Vĩnh Ô,1
16!05!2019,45,Hướng Hóa,Ba Tầng,1
16!05!2019,45,Gio Linh,Linh Thượng,1
15!05!2019,45,Hướng Hóa,Hướng Linh,2
15!05!2019,45,Gio Linh,Linh Thượng,1
15!05!2019,45,Đa Krông,Đa Krông,1
13!05!2019,45,Hướng Hóa,Tân Thành,3
13!05!2019,45,Hướng Hóa,Hướng Phùng,3
13!05!2019,45,Vĩnh Linh,Vĩnh Ô,2
12!05!2019,45,Vĩnh Linh,Vĩnh Hà,3
12!05!2019,45,Hướng Hóa,Ba Tầng,2
12!05!2019,45,Đa Krông,Ba Nang,1
12!05!2019,45,Triệu Phong,Triệu An,1
08!05!2019,45,Gio Linh,Trung Hải,2
08!05!2019,45,Gio Linh,Linh Thượng,2
07!05!2019,45,Hướng Hóa,Hướng Sơn,1
07!05!2019,45,Đa Krông,Ba Nang,1
06!05!2019,45,Hướng Hóa,Hướng Sơn,2
06!05!2019,45,Vĩnh Linh,Vĩnh Long,1
05!05!2019,45,Đa Krông,Tà Rụt,5
05!05!2019,45,Đa Krông,Ba Nang,5
05!05!2019,45,Hướng Hóa,Hướng Phùng,4
05!05!2019,45,Hướng Hóa,Hướng Việt,4
05!05!2019,45,Hướng Hóa,Hướng Lộc,4
05!05!2019,45,Hướng Hóa,Ba Tầng,4
05!05!2019,45,Hải Lăng,Hải Lâm,1
02!05!2019,45,Đa Krông,A Vao,26
02!05!2019,45,Đa Krông,A Ngo,26
02!05!2019,45,Hướng Hóa,A Dơi,6
03!05!2019,45,Đa Krông,A Bung,8
03!05!2019,45,Đa Krông,Tà Rụt,8
03!05!2019,45,Hướng Hóa,Ba Tầng,4
03!05!2019,45,Hải Lăng,Hải Dương,4
30!04!2019,45,Đa Krông,Ba Nang,67
30!04!2019,45,Đa Krông,Đa Krông,67
30!04!2019,45,Đa Krông,A Vao,67
30!04!2019,45,Hướng Hóa,Hướng Lập,32
30!04!2019,45,Hướng Hóa,Húc,32
30!04!2019,45,Hướng Hóa,Ba Tầng,32
30!04!2019,45,Triệu Phong,Triệu Hòa,14
30!04!2019,45,Triệu Phong,Triệu Trạch,14
29!04!2019,45,Cam Lộ,Cam Nghĩa,46
29!04!2019,45,Cam Lộ,TT. Cam Lộ,46
29!04!2019,45,Đa Krông,Ba Nang,37
29!04!2019,45,Đa Krông,Tà Rụt,37
29!04!2019,45,Triệu Phong,Triệu Tài,37
29!04!2019,45,Triệu Phong,Triệu Trung,37
29!04!2019,45,Triệu Phong,Triệu Trạch,37
29!04!2019,45,Hướng Hóa,Hướng Lập,27
29!04!2019,45,Hướng Hóa,Ba Tầng,27
29!04!2019,45,Hải Lăng,Hải Thành,9
29!04!2019,45,Vĩnh Linh,Vĩnh Hà,1
28!04!2019,45,Triệu Phong,Triệu Đại,18
28!04!2019,45,Triệu Phong,Triệu Tài,18
28!04!2019,45,Hướng Hóa,Hướng Phùng,3
28!04!2019,45,Hướng Hóa,Hướng Sơn,3
28!04!2019,45,Hướng Hóa,Thanh,3
28!04!2019,45,Đa Krông,Hải Phúc,2
28!04!2019,45,Đa Krông,Tà Long,2
28!04!2019,45,Cam Lộ,Cam Chính,2
28!04!2019,45,Cam Lộ,Cam Tuyền,2
28!04!2019,45,Vĩnh Linh,Vĩnh Hà,1
27!04!2019,45,Hướng Hóa,Hướng Sơn,73
27!04!2019,45,Hướng Hóa,Hướng Phùng,73
27!04!2019,45,Hướng Hóa,Ba Tầng,73
27!04!2019,45,Hướng Hóa,Hướng Lộc,73
27!04!2019,45,Hướng Hóa,Hướng Lập,73
27!04!2019,45,Đa Krông,A Vao,38
27!04!2019,45,Đa Krông,Đa Krông,38
27!04!2019,45,Đa Krông,A Ngo,38
27!04!2019,45,Đa Krông,Tà Rụt,38
27!04!2019,45,Cam Lộ,Cam Nghĩa,10
26!04!2019,45,Hướng Hóa,Ba Tầng,20
26!04!2019,45,Đa Krông,Đa Krông,20
26!04!2019,45,Đa Krông,Ba Nang,20
26!04!2019,45,Cam Lộ,Cam Tuyền,12
26!04!2019,45,Triệu Phong,Triệu Đại,10
26!04!2019,45,Hải Lăng,Hải Thành,10
25!04!2019,45,Hướng Hóa,Ba Tầng,75
25!04!2019,45,Hướng Hóa,TT. Khe Sanh,75
25!04!2019,45,Hướng Hóa,Hướng Lập,75
25!04!2019,45,Cam Lộ,Cam Nghĩa,40
25!04!2019,45,Cam Lộ,Cam Tuyền,40
25!04!2019,45,Đa Krông,Triệu Nguyên,23
25!04!2019,45,Đa Krông,Đa Krông,23
25!04!2019,45,Đa Krông,Tà Rụt,23
25!04!2019,45,Gio Linh,Linh Thượng,7
25!04!2019,45,Triệu Phong,Triệu Đại,1
25!04!2019,45,Hải Lăng,Hải Thành,1
24!04!2019,45,Hướng Hóa,Hướng Sơn,32
24!04!2019,45,Hướng Hóa,Ba Tầng,32
24!04!2019,45,Cam Lộ,Cam Chính,32
24!04!2019,45,Cam Lộ,Cam Tuyền,32
24!04!2019,45,Đa Krông,Hướng Hiệp,23
24!04!2019,45,Đa Krông,A Vao,23
24!04!2019,45,Đa Krông,Húc Nghì,23
24!04!2019,45,Đa Krông,Tà Long,23
24!04!2019,45,Đa Krông,Ba Nang,23
23!04!2019,45,Hướng Hóa,Húc,64
23!04!2019,45,Hướng Hóa,Hướng Sơn,64
23!04!2019,45,Hướng Hóa,TT. Lao Bảo,64
23!04!2019,45,Hướng Hóa,Hướng Linh,64
22!04!2019,45,Hướng Hóa,Hướng Lộc,26
22!04!2019,45,Vĩnh Linh,TT. Bến Quan,19
22!04!2019,45,Vĩnh Linh,Vĩnh Sơn,19
22!04!2019,45,Vĩnh Linh,Vĩnh Hà,19
22!04!2019,45,Hải Lăng,Hải Sơn,13
21!04!2019,45,Hướng Hóa,Hướng Lập,85
21!04!2019,45,Hướng Hóa,Hướng Sơn,85
21!04!2019,45,Hướng Hóa,Ba Tầng,85
21!04!2019,45,Hướng Hóa,TT. Lao Bảo,85
21!04!2019,45,Đa Krông,Ba Nang,23
21!04!2019,45,Đa Krông,Hướng Hiệp,23
21!04!2019,45,Gio Linh,Linh Thượng,17
20!04!2019,45,Hướng Hóa,Hướng Linh,52
20!04!2019,45,Hướng Hóa,Hướng Phùng,52
20!04!2019,45,Hướng Hóa,Hướng Lập,52
20!04!2019,45,Đa Krông,A Vao,24
20!04!2019,45,Đa Krông,Ba Nang,24
20!04!2019,45,Cam Lộ,Cam Tuyền,8
20!04!2019,45,Gio Linh,Hải Thái,7
20!04!2019,45,Hải Lăng,Hải Trường,1
19!04!2019,45,Hướng Hóa,Hướng Lập,320
19!04!2019,45,Hướng Hóa,Hướng Phùng,320
19!04!2019,45,Hướng Hóa,Hướng Việt,320
19!04!2019,45,Hướng Hóa,Hướng Linh,320
19!04!2019,45,Hướng Hóa,A Dơi,320
19!04!2019,45,Hướng Hóa,Ba Tầng,320
19!04!2019,45,Hướng Hóa,Tân Thành,320
19!04!2019,45,Hướng Hóa,Hướng Sơn,320
19!04!2019,45,Hướng Hóa,TT. Lao Bảo,320
19!04!2019,45,Hướng Hóa,Húc,320
19!04!2019,45,Hướng Hóa,Hướng Lộc,320
19!04!2019,45,Đông Hà,P. 3,69
19!04!2019,45,Đông Hà,P. Đông Lương,69
19!04!2019,45,Đa Krông,Tà Long,66
19!04!2019,45,Đa Krông,A Vao,66
19!04!2019,45,Đa Krông,Hướng Hiệp,66
19!04!2019,45,Đa Krông,Húc Nghì,66
19!04!2019,45,Đa Krông,Tà Rụt,66
19!04!2019,45,Cam Lộ,Cam Thành,1
18!04!2019,45,Hướng Hóa,Hướng Việt,23
18!04!2019,45,Hướng Hóa,Hướng Lập,23
18!04!2019,45,Triệu Phong,Triệu ái,7
18!04!2019,45,Gio Linh,Trung Sơn,2
16!04!2019,45,Hướng Hóa,Hướng Việt,13
16!04!2019,45,Hướng Hóa,Húc,13
16!04!2019,45,Hướng Hóa,Hướng Lập,13
16!04!2019,45,Hướng Hóa,Hướng Phùng,13
16!04!2019,45,Hướng Hóa,Hướng Linh,13
16!04!2019,45,Hướng Hóa,Thuận,13
16!04!2019,45,Hướng Hóa,Tân Thành,13
16!04!2019,45,Đa Krông,Hướng Hiệp,4
16!04!2019,45,Đa Krông,Tà Long,4
17!04!2019,45,Cam Lộ,Cam Thành,5
17!04!2019,45,Cam Lộ,Cam Tuyền,5
17!04!2019,45,Vĩnh Linh,Vĩnh Long,2
13!04!2019,45,Gio Linh,Linh Thượng,9
12!04!2019,45,Hải Lăng,Hải Trường,16
12!04!2019,45,Hướng Hóa,Hướng Linh,10
11!04!2019,45,Hướng Hóa,A Dơi,20
11!04!2019,45,Hướng Hóa,Ba Tầng,20
11!04!2019,45,Cam Lộ,Cam Chính,11
11!04!2019,45,Vĩnh Linh,Vĩnh Khê,10
10!04!2019,45,Hướng Hóa,Hướng Lộc,50
10!04!2019,45,Hướng Hóa,Tân Liên,50
10!04!2019,45,Hướng Hóa,Tân Thành,50
10!04!2019,45,Hướng Hóa,Xy,50
10!04!2019,45,Hướng Hóa,Hướng Tân,50
10!04!2019,45,Đa Krông,Hướng Hiệp,30
10!04!2019,45,Cam Lộ,Cam Thành,10
10!04!2019,45,Gio Linh,Linh Thượng,6
08!04!2019,45,Đa Krông,Tà Long,4
08!04!2019,45,Đa Krông,Triệu Nguyên,4
08!04!2019,45,Vĩnh Linh,Vĩnh Thủy,3
08!04!2019,45,Vĩnh Linh,Vĩnh Hà,3
08!04!2019,45,Hướng Hóa,A Dơi,3
08!04!2019,45,Hướng Hóa,Tân Thành,3
08!04!2019,45,Gio Linh,Linh Thượng,2
08!04!2019,45,Gio Linh,Gio An,2
09!04!2019,45,Hướng Hóa,Tân Long,78
09!04!2019,45,Hướng Hóa,Xy,78
09!04!2019,45,Hướng Hóa,Ba Tầng,78
09!04!2019,45,Hướng Hóa,Tân Thành,78
09!04!2019,45,Hướng Hóa,TT. Lao Bảo,78
09!04!2019,45,Hướng Hóa,A Dơi,78
09!04!2019,45,Hướng Hóa,Hướng Phùng,78
09!04!2019,45,Đa Krông,A Vao,13
09!04!2019,45,Đa Krông,Tà Long,13
09!04!2019,45,Vĩnh Linh,Vĩnh Thủy,12
09!04!2019,45,Vĩnh Linh,Vĩnh Hà,12
09!04!2019,45,Vĩnh Linh,Vĩnh Khê,12
07!04!2019,45,Hướng Hóa,Hướng Lộc,3
07!04!2019,45,Hướng Hóa,Tân Long,3
07!04!2019,45,Hướng Hóa,A Dơi,3
06!04!2019,45,Hướng Hóa,Xy,9
06!04!2019,45,Hướng Hóa,Hướng Việt,9
06!04!2019,45,Hướng Hóa,Hướng Linh,9
06!04!2019,45,Hướng Hóa,Hướng Phùng,9
06!04!2019,45,Hướng Hóa,Ba Tầng,9
06!04!2019,45,Hướng Hóa,Tân Thành,9
06!04!2019,45,Hướng Hóa,Tân Long,9
06!04!2019,45,Hải Lăng,Hải Thọ,1
05!04!2019,45,Vĩnh Linh,Vĩnh Khê,3
05!04!2019,45,Vĩnh Linh,Vĩnh Hà,3
05!04!2019,45,TX. Quảng Trị,Hải Lệ,1
05!04!2019,45,Gio Linh,Gio Sơn,1
05!04!2019,45,Hải Lăng,Hải Chánh,1
04!04!2019,45,Hải Lăng,Hải Chánh,6
04!04!2019,45,Hướng Hóa,Hướng Phùng,2
04!04!2019,45,Hướng Hóa,A Xing,2
04!04!2019,45,Cam Lộ,Cam Tuyền,1
03!04!2019,45,Hướng Hóa,Hướng Phùng,212
03!04!2019,45,Hướng Hóa,Hướng Lộc,212
03!04!2019,45,Hướng Hóa,Hướng Việt,212
03!04!2019,45,Hướng Hóa,A Dơi,212
03!04!2019,45,Hướng Hóa,Ba Tầng,212
03!04!2019,45,Hướng Hóa,Tân Thành,212
03!04!2019,45,Hướng Hóa,Tân Long,212
03!04!2019,45,Đa Krông,A Bung,26
03!04!2019,45,Đa Krông,A Vao,26
03!04!2019,45,Đa Krông,Tà Rụt,26
03!04!2019,45,Vĩnh Linh,Vĩnh Hà,7
03!04!2019,45,Hải Lăng,Hải Sơn,1
02!04!2019,45,Hướng Hóa,Xy,7
01!04!2019,45,Cam Lộ,Cam Chính,8
01!04!2019,45,Hải Lăng,Hải Sơn,7
31!03!2019,45,Gio Linh,Linh Thượng,9
31!03!2019,45,Vĩnh Linh,Vĩnh Chấp,3
31!03!2019,45,Vĩnh Linh,Vĩnh Khê,3
31!03!2019,45,Vĩnh Linh,Vĩnh Hà,3
30!03!2019,45,Hướng Hóa,Xy,8
30!03!2019,45,Cam Lộ,Cam Tuyền,8
29!03!2019,45,Hướng Hóa,Hướng Lộc,17
29!03!2019,45,Hướng Hóa,Tân Thành,17
29!03!2019,45,Hướng Hóa,Xy,17
29!03!2019,45,Đa Krông,Tà Rụt,15
27!03!2019,45,Hải Lăng,Hải Trường,28
27!03!2019,45,Hải Lăng,Hải Lâm,28
27!03!2019,45,Hướng Hóa,Xy,27
27!03!2019,45,Hướng Hóa,Hướng Phùng,27
27!03!2019,45,Hướng Hóa,Thuận,27
27!03!2019,45,Hướng Hóa,Thanh,27
27!03!2019,45,Đa Krông,A Ngo,20
27!03!2019,45,Đông Hà,P. Đông Lương,19
27!03!2019,45,Vĩnh Linh,Vĩnh Ô,2
27!03!2019,45,Vĩnh Linh,Vĩnh Hà,2
27!03!2019,45,Cam Lộ,Cam Tuyền,1
28!03!2019,45,Hướng Hóa,Hướng Phùng,79
28!03!2019,45,Hướng Hóa,Thuận,79
28!03!2019,45,Hướng Hóa,Hướng Sơn,79
28!03!2019,45,Hướng Hóa,Thanh,79
28!03!2019,45,Hướng Hóa,TT. Lao Bảo,79
28!03!2019,45,Hướng Hóa,Húc,79
28!03!2019,45,Hướng Hóa,Tân Thành,79
28!03!2019,45,Hướng Hóa,Xy,79
28!03!2019,45,Cam Lộ,Cam Tuyền,53
28!03!2019,45,Cam Lộ,Cam Chính,53
28!03!2019,45,Cam Lộ,Cam Thành,53
28!03!2019,45,Hải Lăng,Hải Sơn,15
28!03!2019,45,Đa Krông,A Bung,14
28!03!2019,45,Đa Krông,Đa Krông,14
28!03!2019,45,Triệu Phong,Triệu Thượng,7
28!03!2019,45,Vĩnh Linh,Vĩnh Hà,2
28!03!2019,45,Gio Linh,Gio Sơn,1
26!03!2019,45,Hướng Hóa,Tân Thành,67
26!03!2019,45,Hướng Hóa,Hướng Phùng,67
26!03!2019,45,Đa Krông,Tà Rụt,34
26!03!2019,45,Cam Lộ,Cam Thanh,11
23!03!2019,45,Hướng Hóa,Xy,28
23!03!2019,45,Hướng Hóa,Ba Tầng,28
23!03!2019,45,Gio Linh,Linh Thượng,10
23!03!2019,45,Cam Lộ,Cam Chính,10
22!03!2019,45,Gio Linh,Linh Thượng,5
22!03!2019,45,Gio Linh,Trung Sơn,5
22!03!2019,45,Vĩnh Linh,Vĩnh Hà,4
22!03!2019,45,Đa Krông,A Vao,4
20!03!2019,45,Đa Krông,Tà Rụt,34
20!03!2019,45,Đa Krông,Hướng Hiệp,34
20!03!2019,45,Đa Krông,Tà Long,34
20!03!2019,45,Đa Krông,TT. Krông Klang,34
20!03!2019,45,Đa Krông,A Vao,34
20!03!2019,45,Đa Krông,Húc Nghì,34
20!03!2019,45,Hướng Hóa,Ba Tầng,21
20!03!2019,45,Hướng Hóa,Thuận,21
20!03!2019,45,Hướng Hóa,A Dơi,21
20!03!2019,45,Hướng Hóa,Hướng Lộc,21
20!03!2019,45,Hướng Hóa,A Túc,21
20!03!2019,45,Cam Lộ,Cam Chính,12
20!03!2019,45,Vĩnh Linh,Vĩnh Hà,7
20!03!2019,45,Vĩnh Linh,Vĩnh Ô,7
20!03!2019,45,Vĩnh Linh,Vĩnh Chấp,7
19!03!2019,45,Hướng Hóa,Hướng Phùng,36
19!03!2019,45,Hướng Hóa,Thanh,36
19!03!2019,45,Hướng Hóa,Xy,36
19!03!2019,45,Hướng Hóa,Tân Thành,36
19!03!2019,45,Đa Krông,A Vao,21
19!03!2019,45,Đa Krông,Đa Krông,21
19!03!2019,45,Đa Krông,A Ngo,21
19!03!2019,45,Vĩnh Linh,Vĩnh Khê,2
19!03!2019,45,Hải Lăng,Hải Lâm,1
17!03!2019,45,Hướng Hóa,Hướng Lộc,8
17!03!2019,45,Đa Krông,A Bung,8
18!03!2019,45,Hướng Hóa,Hướng Lộc,74
18!03!2019,45,Hướng Hóa,Hướng Phùng,74
18!03!2019,45,Hướng Hóa,Thuận,74
18!03!2019,45,Hướng Hóa,Xy,74
18!03!2019,45,Hướng Hóa,Tân Thành,74
18!03!2019,45,Hải Lăng,Hải Sơn,30
15!03!2019,45,Đa Krông,Tà Rụt,25
15!03!2019,45,Hướng Hóa,Tân Long,17
15!03!2019,45,Hướng Hóa,Xy,17
15!03!2019,45,Hải Lăng,Hải Trường,8
16!03!2019,45,Hướng Hóa,Hướng Lộc,65
16!03!2019,45,Hướng Hóa,Xy,65
16!03!2019,45,Hướng Hóa,A Xing,65
16!03!2019,45,Hướng Hóa,Ba Tầng,65
16!03!2019,45,Đa Krông,Tà Rụt,9
13!03!2019,45,Hướng Hóa,Hướng Lộc,18
13!03!2019,45,Hướng Hóa,Thuận,18
13!03!2019,45,Đa Krông,Hướng Hiệp,6
13!03!2019,45,Hải Lăng,Hải Chánh,6
14!03!2019,45,Vĩnh Linh,Vĩnh Hà,21
14!03!2019,45,Vĩnh Linh,Vĩnh Chấp,21
14!03!2019,45,Hướng Hóa,A Túc,14
12!03!2019,45,Hướng Hóa,Hướng Lộc,25
12!03!2019,45,Hướng Hóa,Tân Thành,25
12!03!2019,45,Hướng Hóa,A Dơi,25
11!03!2019,45,Hướng Hóa,Tân Thành,69
11!03!2019,45,Hướng Hóa,Hướng Linh,69
11!03!2019,45,Hướng Hóa,Tân Long,69
09!03!2019,45,Hướng Hóa,Tân Thành,69
09!03!2019,45,Hướng Hóa,Hướng Phùng,69
09!03!2019,45,Hướng Hóa,Thuận,69
09!03!2019,45,Hướng Hóa,TT. Lao Bảo,69
09!03!2019,45,Hướng Hóa,Tân Long,69
09!03!2019,45,Hướng Hóa,Hướng Lộc,69
09!03!2019,45,Hướng Hóa,Hướng Việt,69
09!03!2019,45,Hướng Hóa,Hướng Sơn,69
09!03!2019,45,Hướng Hóa,Hướng Linh,69
09!03!2019,45,Hướng Hóa,A Dơi,69
09!03!2019,45,Đa Krông,Tà Rụt,18
09!03!2019,45,Hải Lăng,Hải Trường,18
09!03!2019,45,Cam Lộ,Cam Thành,9
09!03!2019,45,Triệu Phong,Triệu ái,6
10!03!2019,45,Triệu Phong,Triệu Thượng,24
10!03!2019,45,Hướng Hóa,Thuận,16
10!03!2019,45,Hướng Hóa,Tân Long,16
10!03!2019,45,Đa Krông,A Ngo,9
10!03!2019,45,TX. Quảng Trị,Hải Lệ,1
08!03!2019,45,Hướng Hóa,Hướng Sơn,33
08!03!2019,45,Hướng Hóa,Hướng Phùng,33
07!03!2019,45,Hướng Hóa,Hướng Linh,10
07!03!2019,45,Hướng Hóa,Thanh,10
07!03!2019,45,Triệu Phong,Triệu Thượng,9
07!03!2019,45,Vĩnh Linh,Vĩnh Khê,7
07!03!2019,45,Đa Krông,A Ngo,1
06!03!2019,45,Hướng Hóa,Hướng Lộc,48
06!03!2019,45,Hướng Hóa,Xy,48
06!03!2019,45,Hải Lăng,Hải Sơn,22
06!03!2019,45,Hải Lăng,Hải Trường,22
06!03!2019,45,Đa Krông,A Vao,9
05!03!2019,45,Hướng Hóa,Hướng Lộc,51
05!03!2019,45,Hướng Hóa,Ba Tầng,51
05!03!2019,45,Hướng Hóa,Tân Long,51
05!03!2019,45,Hướng Hóa,Hướng Việt,51
05!03!2019,45,Vĩnh Linh,Vĩnh Hà,11
05!03!2019,45,Đa Krông,A Ngo,11
05!03!2019,45,Cam Lộ,Cam Tuyền,11
05!03!2019,45,Triệu Phong,Triệu Thượng,1
03!03!2019,45,Hướng Hóa,Thanh,20
03!03!2019,45,Hướng Hóa,A Dơi,20
03!03!2019,45,Hướng Hóa,Tân Lập,20
03!03!2019,45,Vĩnh Linh,Vĩnh Hà,9
04!03!2019,45,Hướng Hóa,A Dơi,72
04!03!2019,45,Hướng Hóa,Tân Thành,72
04!03!2019,45,Hướng Hóa,A Xing,72
04!03!2019,45,Hướng Hóa,Xy,72
04!03!2019,45,Hướng Hóa,Tân Long,72
04!03!2019,45,Hướng Hóa,Ba Tầng,72
04!03!2019,45,Đa Krông,Tà Rụt,48
04!03!2019,45,Đa Krông,Hướng Hiệp,48
04!03!2019,45,Đông Hà,P. 4,12
04!03!2019,45,Hải Lăng,Hải Trường,6
04!03!2019,45,Vĩnh Linh,Vĩnh Hà,1
02!03!2019,45,Hải Lăng,Hải Trường,20
02!03!2019,45,Đa Krông,Đa Krông,17
02!03!2019,45,Đa Krông,A Ngo,17
02!03!2019,45,Triệu Phong,Triệu ái,17
02!03!2019,45,Triệu Phong,Triệu Thượng,17
02!03!2019,45,Hướng Hóa,A Xing,8
02!03!2019,45,Gio Linh,Gio Châu,1
01!03!2019,45,Hướng Hóa,Ba Tầng,24
01!03!2019,45,Hướng Hóa,Thanh,24
01!03!2019,45,Hải Lăng,Hải Lâm,21
01!03!2019,45,Hải Lăng,Hải Trường,21
01!03!2019,45,Gio Linh,Linh Thượng,11
28!02!2019,45,Hướng Hóa,Hướng Lập,37
28!02!2019,45,Hướng Hóa,Xy,37
28!02!2019,45,Hướng Hóa,Tân Long,37
28!02!2019,45,Hướng Hóa,Hướng Lộc,37
28!02!2019,45,Hướng Hóa,Hướng Việt,37
28!02!2019,45,Đa Krông,A Bung,32
28!02!2019,45,Đa Krông,A Ngo,32
28!02!2019,45,Hải Lăng,Hải Chánh,11
28!02!2019,45,Triệu Phong,Triệu Thượng,10
28!02!2019,45,Vĩnh Linh,Vĩnh Chấp,2
28!02!2019,45,TX. Quảng Trị,Hải Lệ,1
27!02!2019,45,Hướng Hóa,Tân Hợp,60
27!02!2019,45,Hướng Hóa,Tân Long,60
27!02!2019,45,Hướng Hóa,Hướng Phùng,60
27!02!2019,45,Hướng Hóa,Hướng Lập,60
27!02!2019,45,Hướng Hóa,Ba Tầng,60
27!02!2019,45,Đa Krông,Tà Long,26
27!02!2019,45,Đa Krông,Đa Krông,26
27!02!2019,45,Đa Krông,A Vao,26
27!02!2019,45,Triệu Phong,Triệu ái,10
27!02!2019,45,Triệu Phong,Triệu Thượng,10
27!02!2019,45,Gio Linh,Linh Hải,8
26!02!2019,45,Vĩnh Linh,Vĩnh Tú,6
24!02!2019,45,Hướng Hóa,Hướng Phùng,1
23!02!2019,45,Đa Krông,A Vao,24
23!02!2019,45,Đa Krông,Tà Rụt,24
23!02!2019,45,TX. Quảng Trị,Hải Lệ,6
23!02!2019,45,Hướng Hóa,Húc,1
21!02!2019,45,Đa Krông,A Vao,8
21!02!2019,45,Đa Krông,Hải Phúc,8
21!02!2019,45,Hướng Hóa,Hướng Linh,4
20!02!2019,45,TX. Quảng Trị,Hải Lệ,2
20!02!2019,45,Vĩnh Linh,Vĩnh Hà,2
20!02!2019,45,Hướng Hóa,Thanh,1
20!02!2019,45,Cam Lộ,Cam Thanh,1
20!02!2019,45,Hải Lăng,Hải Lâm,1
19!02!2019,45,Triệu Phong,Triệu ái,13
19!02!2019,45,Triệu Phong,Triệu Thượng,13
19!02!2019,45,Đa Krông,A Vao,3
19!02!2019,45,Hướng Hóa,Hướng Lộc,2
19!02!2019,45,Cam Lộ,Cam Tuyền,2
19!02!2019,45,Hải Lăng,Hải Sơn,2
19!02!2019,45,Gio Linh,Gio Hòa,1
18!02!2019,45,Đa Krông,A Vao,19
18!02!2019,45,Triệu Phong,Triệu ái,14
18!02!2019,45,Triệu Phong,Triệu Thượng,14
17!02!2019,45,Đa Krông,A Vao,18
17!02!2019,45,Đa Krông,Tà Rụt,18
17!02!2019,45,Triệu Phong,Triệu ái,4
17!02!2019,45,Cam Lộ,Cam Nghĩa,3
16!02!2019,45,Đa Krông,A Bung,57
16!02!2019,45,Đa Krông,A Vao,57
16!02!2019,45,Đa Krông,A Ngo,57
16!02!2019,45,Triệu Phong,Triệu ái,16
16!02!2019,45,Hải Lăng,Hải Trường,16
16!02!2019,45,Hải Lăng,Hải Thọ,16
16!02!2019,45,Hướng Hóa,Hướng Linh,7
16!02!2019,45,Hướng Hóa,Tân Thành,7
16!02!2019,45,Vĩnh Linh,Vĩnh Sơn,2
16!02!2019,45,Vĩnh Linh,Vĩnh Khê,2
15!02!2019,45,Hướng Hóa,A Xing,50
15!02!2019,45,Hướng Hóa,Hướng Phùng,50
15!02!2019,45,Hướng Hóa,Thanh,50
15!02!2019,45,Đa Krông,Đa Krông,8
15!02!2019,45,Cam Lộ,Cam Tuyền,8
15!02!2019,45,Triệu Phong,Triệu ái,1
15!02!2019,45,Hải Lăng,Hải Lâm,1
14!02!2019,45,Hướng Hóa,Húc,51
14!02!2019,45,Hướng Hóa,Ba Tầng,51
14!02!2019,45,Hướng Hóa,Hướng Sơn,51
14!02!2019,45,Hướng Hóa,A Dơi,51
14!02!2019,45,Hướng Hóa,Thuận,51
14!02!2019,45,Hướng Hóa,Hướng Lập,51
14!02!2019,45,Đa Krông,Húc Nghì,9
14!02!2019,45,Đa Krông,A Ngo,9
13!02!2019,45,Đa Krông,A Bung,33
13!02!2019,45,Đa Krông,Hướng Hiệp,33
13!02!2019,45,Đa Krông,A Ngo,33
13!02!2019,45,Gio Linh,Vĩnh Trường,16
13!02!2019,45,Hướng Hóa,Thanh,9
13!02!2019,45,Hướng Hóa,Tân Thành,9
13!02!2019,45,Vĩnh Linh,Vĩnh Ô,8
13!02!2019,45,Cam Lộ,Cam Thanh,1
11!02!2019,45,Cam Lộ,Cam Nghĩa,18
11!02!2019,45,Cam Lộ,Cam Thủy,18
11!02!2019,45,Hướng Hóa,Hướng Lộc,10
11!02!2019,45,Hướng Hóa,Hướng Phùng,10
11!02!2019,45,Gio Linh,Gio Quang,1
11!02!2019,45,Hải Lăng,Hải Sơn,1
12!02!2019,45,Đa Krông,A Vao,71
12!02!2019,45,Đa Krông,Đa Krông,71
12!02!2019,45,Đa Krông,A Ngo,71
12!02!2019,45,Đa Krông,A Bung,71
12!02!2019,45,Đa Krông,Tà Rụt,71
12!02!2019,45,Hướng Hóa,Xy,8
10!02!2019,45,Hướng Hóa,Hướng Lộc,18
10!02!2019,45,Hướng Hóa,Tân Thành,18
10!02!2019,45,Hướng Hóa,Xy,18
10!02!2019,45,Đa Krông,A Ngo,6
09!02!2019,45,Đa Krông,A Vao,73
09!02!2019,45,Đa Krông,Tà Rụt,73
09!02!2019,45,Đa Krông,A Bung,73
09!02!2019,45,Đa Krông,Húc Nghì,73
09!02!2019,45,Vĩnh Linh,Vĩnh Hà,56
09!02!2019,45,Vĩnh Linh,Vĩnh Thủy,56
09!02!2019,45,Hải Lăng,Hải Trường,17
09!02!2019,45,Hướng Hóa,Húc,3
08!02!2019,45,Đa Krông,A Vao,30
08!02!2019,45,Đa Krông,A Ngo,30
08!02!2019,45,Đa Krông,Tà Rụt,30
08!02!2019,45,Hướng Hóa,A Dơi,10
08!02!2019,45,Hướng Hóa,Hướng Lộc,10
08!02!2019,45,Cam Lộ,Cam Chính,5
08!02!2019,45,Hải Lăng,Hải Sơn,1
07!02!2019,45,Đa Krông,A Vao,28
07!02!2019,45,Đa Krông,Hướng Hiệp,28
07!02!2019,45,Đa Krông,A Ngo,28
07!02!2019,45,Cam Lộ,Cam Tuyền,8
07!02!2019,45,Hướng Hóa,Tân Hợp,6
07!02!2019,45,Hướng Hóa,Thanh,6
07!02!2019,45,Gio Linh,Linh Thượng,5
06!02!2019,45,Đa Krông,A Vao,4
06!02!2019,45,Đa Krông,Tà Long,4
06!02!2019,45,Đa Krông,Tà Rụt,4
06!02!2019,45,Hướng Hóa,Húc,3
06!02!2019,45,Hướng Hóa,Xy,3
04!02!2019,45,Hướng Hóa,Ba Tầng,2
04!02!2019,45,Hướng Hóa,Xy,2
04!02!2019,45,Vĩnh Linh,Vĩnh Hà,1
03!02!2019,45,Đa Krông,Hướng Hiệp,2
03!02!2019,45,Vĩnh Linh,Vĩnh Khê,1
03!02!2019,45,Hướng Hóa,A Dơi,1
03!02!2019,45,Hải Lăng,Hải Sơn,1
02!02!2019,45,Đa Krông,A Vao,7
02!02!2019,45,Đa Krông,A Bung,7
02!02!2019,45,Hải Lăng,Hải Trường,5
02!02!2019,45,Hải Lăng,Hải Lâm,5
02!02!2019,45,Hải Lăng,Hải Sơn,5
02!02!2019,45,Hải Lăng,Hải Thọ,5
02!02!2019,45,Hướng Hóa,Ba Tầng,3
02!02!2019,45,Vĩnh Linh,Vĩnh Chấp,1
02!02!2019,45,Gio Linh,Linh Hải,1
01!02!2019,45,Hướng Hóa,Hướng Sơn,2
01!02!2019,45,Hướng Hóa,Thanh,2
31!01!2019,45,Đa Krông,Tà Rụt,4
31!01!2019,45,Đa Krông,A Bung,4
31!01!2019,45,Hướng Hóa,Hướng Phùng,3
31!01!2019,45,Hướng Hóa,Ba Tầng,3
31!01!2019,45,Hướng Hóa,Xy,3
31!01!2019,45,Vĩnh Linh,Vĩnh Hà,2
31!01!2019,45,Vĩnh Linh,Vĩnh Chấp,2
29!01!2019,45,Hướng Hóa,Hướng Lộc,2
26!01!2019,45,Đa Krông,TT. Krông Klang,1
25!01!2019,45,Đa Krông,Hướng Hiệp,5
25!01!2019,45,Đa Krông,Tà Rụt,5
25!01!2019,45,Triệu Phong,Triệu ái,5
25!01!2019,45,Triệu Phong,Triệu Thượng,5
25!01!2019,45,Vĩnh Linh,Vĩnh Khê,3
25!01!2019,45,Vĩnh Linh,Vĩnh Tú,3
25!01!2019,45,Cam Lộ,Cam Thủy,1
25!01!2019,45,Gio Linh,Linh Thượng,1
25!01!2019,45,Hướng Hóa,Thuận,1
25!01!2019,45,TX. Quảng Trị,Hải Lệ,1
24!01!2019,45,Triệu Phong,Triệu ái,1
24!01!2019,45,Hải Lăng,Hải Thọ,1
14!01!2019,45,Đa Krông,A Ngo,2
14!01!2019,45,Đa Krông,Tà Rụt,2
14!01!2019,45,Hướng Hóa,Ba Tầng,1
14!01!2019,45,Gio Linh,Linh Hải,1
14!01!2019,45,Cam Lộ,Cam Thanh,1
13!01!2019,45,Vĩnh Linh,Vĩnh Hà,1
13!01!2019,45,Cam Lộ,Cam Thủy,1
10!01!2019,45,Hướng Hóa,Ba Tầng,1
11!01!2019,45,Hướng Hóa,Ba Tầng,1
11!01!2019,45,Đa Krông,Tà Rụt,1
11!01!2019,45,Cam Lộ,Cam An,1
08!01!2019,45,Hướng Hóa,Hướng Lộc,1
26!12!2018,45,Hướng Hóa,Ba Tầng,2
22!12!2018,45,Hải Lăng,Hải Sơn,4
22!12!2018,45,Hải Lăng,Hải Lâm,4
22!12!2018,45,Hải Lăng,Hải Trường,4
22!12!2018,45,Triệu Phong,Triệu ái,3
21!12!2018,45,Vĩnh Linh,Vĩnh Chấp,1
21!12!2018,45,Gio Linh,Trung Sơn,1
21!12!2018,45,Triệu Phong,Triệu ái,1
20!12!2018,45,Vĩnh Linh,Vĩnh Chấp,1
20!12!2018,45,Cam Lộ,Cam Thanh,1
06!12!2018,45,Hướng Hóa,Ba Tầng,2
06!12!2018,45,Hướng Hóa,Xy,2
06!12!2018,45,Hải Lăng,Hải Sơn,1
05!12!2018,45,Hướng Hóa,Ba Tầng,11
05!12!2018,45,Hướng Hóa,A Xing,11
05!12!2018,45,Hướng Hóa,Hướng Lộc,11
05!12!2018,45,Hướng Hóa,A Dơi,11
05!12!2018,45,Hướng Hóa,Hướng Sơn,11
05!12!2018,45,Vĩnh Linh,Vĩnh Hà,5
05!12!2018,45,Vĩnh Linh,Vĩnh Tú,5
05!12!2018,45,Gio Linh,Linh Thượng,2
05!12!2018,45,Hải Lăng,Hải Sơn,2
05!12!2018,45,Hải Lăng,Hải Chánh,2
05!12!2018,45,Cam Lộ,Cam Chính,1
05!12!2018,45,Triệu Phong,Triệu ái,1
03!12!2018,45,Vĩnh Linh,Vĩnh Long,3
03!12!2018,45,Vĩnh Linh,Vĩnh Sơn,3
03!12!2018,45,Hải Lăng,Hải Lâm,3
03!12!2018,45,Hải Lăng,Hải Trường,3
04!12!2018,45,Vĩnh Linh,Vĩnh Chấp,1
02!12!2018,45,Hải Lăng,Hải Trường,2
02!12!2018,45,Hướng Hóa,A Xing,1
21!11!2018,45,Triệu Phong,Triệu Thượng,5
21!11!2018,45,Cam Lộ,Cam Thủy,3
21!11!2018,45,Hướng Hóa,A Xing,1
20!11!2018,45,Vĩnh Linh,Vĩnh Chấp,4
20!11!2018,45,Vĩnh Linh,Vĩnh Thủy,4
20!11!2018,45,Vĩnh Linh,Vĩnh Hà,4
20!11!2018,45,Đa Krông,TT. Krông Klang,2
20!11!2018,45,Triệu Phong,Triệu ái,1
19!11!2018,45,Hướng Hóa,Hướng Lộc,3
19!11!2018,45,Hướng Hóa,A Dơi,3
19!11!2018,45,Vĩnh Linh,Vĩnh Khê,2
19!11!2018,45,Vĩnh Linh,Vĩnh Hà,2
17!11!2018,45,Đa Krông,Đa Krông,1
17!11!2018,45,Hải Lăng,Hải Sơn,1
18!11!2018,45,Vĩnh Linh,Vĩnh Khê,1
16!11!2018,45,Cam Lộ,Cam Thanh,2
16!11!2018,45,Đa Krông,Húc Nghì,1
16!11!2018,45,Hải Lăng,Hải Chánh,1
15!11!2018,45,Cam Lộ,Cam Thủy,4
15!11!2018,45,Cam Lộ,Cam Thanh,4
15!11!2018,45,Cam Lộ,Cam An,4
15!11!2018,45,Triệu Phong,Triệu ái,2
14!11!2018,45,Triệu Phong,Triệu ái,3
14!11!2018,45,Hải Lăng,Hải Chánh,3
13!11!2018,45,Hải Lăng,Hải Thọ,3
13!11!2018,45,Hải Lăng,Hải Chánh,3
13!11!2018,45,Hướng Hóa,Ba Tầng,2
13!11!2018,45,Triệu Phong,Triệu Thượng,1
11!11!2018,45,Hướng Hóa,Ba Tầng,2
11!11!2018,45,Hải Lăng,Hải Thọ,2
12!11!2018,45,Hướng Hóa,Hướng Lộc,3
12!11!2018,45,Hướng Hóa,A Dơi,3
12!11!2018,45,Hướng Hóa,A Xing,3
12!11!2018,45,Vĩnh Linh,Vĩnh Chấp,1
12!11!2018,45,Hải Lăng,Hải Thọ,1
05!11!2018,45,Cam Lộ,Cam Thành,2
05!11!2018,45,Triệu Phong,Triệu ái,1
03!11!2018,45,Vĩnh Linh,Vĩnh Chấp,3
03!11!2018,45,Triệu Phong,Triệu ái,2
03!11!2018,45,Gio Linh,Linh Thượng,1
03!11!2018,45,Đa Krông,Tà Rụt,1
04!11!2018,45,Vĩnh Linh,Vĩnh Khê,2
04!11!2018,45,Hải Lăng,Hải Chánh,1
02!11!2018,45,Đa Krông,Đa Krông,2
01!11!2018,45,Vĩnh Linh,Vĩnh Chấp,4
01!11!2018,45,Vĩnh Linh,Vĩnh Hà,4
01!11!2018,45,Hải Lăng,Hải Chánh,4
01!11!2018,45,Hải Lăng,Hải Sơn,4
01!11!2018,45,Triệu Phong,Triệu ái,3
01!11!2018,45,Hướng Hóa,A Dơi,1
01!11!2018,45,Cam Lộ,Cam Nghĩa,1
31!10!2018,45,Vĩnh Linh,Vĩnh Hà,3
31!10!2018,45,Gio Linh,Trung Sơn,1
31!10!2018,45,Đa Krông,A Ngo,1
31!10!2018,45,Hải Lăng,Hải Sơn,1
28!10!2018,45,Đa Krông,A Ngo,2
28!10!2018,45,Hải Lăng,Hải Sơn,1
27!10!2018,45,Đa Krông,TT. Krông Klang,6
27!10!2018,45,Đa Krông,Ba Lòng,6
27!10!2018,45,Hải Lăng,Hải An,2
27!10!2018,45,Vĩnh Linh,Vĩnh Long,1
26!10!2018,45,Hải Lăng,Hải Thọ,3
26!10!2018,45,Hải Lăng,Hải Sơn,3
26!10!2018,45,Hải Lăng,Hải Chánh,3
26!10!2018,45,Vĩnh Linh,Vĩnh Hà,1
26!10!2018,45,Gio Linh,Linh Thượng,1
26!10!2018,45,Triệu Phong,Triệu Thượng,1
24!10!2018,45,Hải Lăng,Hải Trường,4
24!10!2018,45,Hải Lăng,Hải Chánh,4
24!10!2018,45,Đa Krông,Ba Nang,1
24!10!2018,45,Cam Lộ,Cam Chính,1
25!10!2018,45,Vĩnh Linh,Vĩnh Hà,1
25!10!2018,45,Hướng Hóa,Hướng Lộc,1
22!10!2018,45,Cam Lộ,Cam Thành,4
22!10!2018,45,Cam Lộ,Cam An,4
22!10!2018,45,Cam Lộ,Cam Chính,4
22!10!2018,45,Cam Lộ,Cam Thanh,4
22!10!2018,45,Hải Lăng,Hải Sơn,3
22!10!2018,45,Vĩnh Linh,Vĩnh Khê,1
22!10!2018,45,Đa Krông,A Bung,1
23!10!2018,45,Hải Lăng,Hải Sơn,5
23!10!2018,45,Hải Lăng,Hải Chánh,5
23!10!2018,45,Triệu Phong,Triệu ái,3
23!10!2018,45,Gio Linh,Gio Quang,1
23!10!2018,45,Đa Krông,Hướng Hiệp,1
23!10!2018,45,Cam Lộ,Cam Chính,1
21!10!2018,45,Hải Lăng,Hải Chánh,2
18!10!2018,45,Hải Lăng,Hải Chánh,4
17!10!2018,45,Triệu Phong,Triệu Thượng,1
17!10!2018,45,Hải Lăng,Hải Sơn,1
16!10!2018,45,Vĩnh Linh,Vĩnh Chấp,3
16!10!2018,45,Đa Krông,Hải Phúc,3
16!10!2018,45,Hải Lăng,Hải Sơn,2
16!10!2018,45,Hải Lăng,Hải Chánh,2
16!10!2018,45,Đông Hà,P. 3,1
08!10!2018,45,Vĩnh Linh,Vĩnh Chấp,3
08!10!2018,45,Vĩnh Linh,Vĩnh Hà,3
08!10!2018,45,Đông Hà,P. Đông Lương,2
08!10!2018,45,Triệu Phong,Triệu Thượng,1
08!10!2018,45,Hải Lăng,Hải Sơn,1
09!10!2018,45,Hải Lăng,Hải Lâm,12
09!10!2018,45,Hải Lăng,Hải Chánh,12
09!10!2018,45,Hải Lăng,Hải Sơn,12
09!10!2018,45,Gio Linh,Linh Hải,2
09!10!2018,45,Gio Linh,Linh Thượng,2
09!10!2018,45,Vĩnh Linh,Vĩnh Hà,1
09!10!2018,45,Hướng Hóa,Ba Tầng,1
09!10!2018,45,Cam Lộ,Cam An,1
09!10!2018,45,Triệu Phong,Triệu ái,1
06!10!2018,45,Triệu Phong,Triệu ái,2
06!10!2018,45,Đông Hà,P. Đông Lương,1
06!10!2018,45,Gio Linh,Trung Sơn,1
07!10!2018,45,Vĩnh Linh,Vĩnh Long,2
07!10!2018,45,Hải Lăng,Hải Chánh,2
07!10!2018,45,Gio Linh,Linh Thượng,1
03!10!2018,45,Hướng Hóa,Hướng Việt,1
28!09!2018,45,Đông Hà,P. Đông Lương,1
28!09!2018,45,Hướng Hóa,TT. Lao Bảo,1
28!09!2018,45,Đa Krông,A Ngo,1
27!09!2018,45,Vĩnh Linh,Vĩnh Sơn,2
27!09!2018,45,Hải Lăng,Hải Trường,2
27!09!2018,45,Đa Krông,Ba Lòng,1
26!09!2018,45,Hải Lăng,Hải Sơn,5
26!09!2018,45,Vĩnh Linh,Vĩnh Hà,4
26!09!2018,45,Cam Lộ,Cam Tuyền,1
26!09!2018,45,Triệu Phong,Triệu ái,1
25!09!2018,45,Vĩnh Linh,Vĩnh Khê,5
25!09!2018,45,Vĩnh Linh,Vĩnh Hà,5
25!09!2018,45,Cam Lộ,Cam Tuyền,2
25!09!2018,45,Hướng Hóa,TT. Lao Bảo,1
24!09!2018,45,Vĩnh Linh,Vĩnh Sơn,5
24!09!2018,45,Vĩnh Linh,Vĩnh Chấp,5
24!09!2018,45,Vĩnh Linh,Vĩnh Thủy,5
24!09!2018,45,Hải Lăng,Hải Sơn,1
23!09!2018,45,Đa Krông,Đa Krông,1
23!09!2018,45,Triệu Phong,Triệu ái,1
22!09!2018,45,Gio Linh,Linh Thượng,2
22!09!2018,45,Cam Lộ,Cam Chính,2
22!09!2018,45,Đa Krông,Húc Nghì,1
21!09!2018,45,Cam Lộ,Cam Nghĩa,2
21!09!2018,45,Cam Lộ,Cam Hiếu,2
21!09!2018,45,Gio Linh,Linh Thượng,1
21!09!2018,45,Triệu Phong,Triệu ái,1
20!09!2018,45,Vĩnh Linh,Vĩnh Khê,3
20!09!2018,45,Vĩnh Linh,Vĩnh Chấp,3
20!09!2018,45,Triệu Phong,Triệu Thượng,1
20!09!2018,45,Hải Lăng,Hải Chánh,1
19!09!2018,45,Hướng Hóa,TT. Lao Bảo,2
14!09!2018,45,Vĩnh Linh,Vĩnh Sơn,1
14!09!2018,45,Hải Lăng,Hải Trường,1
12!09!2018,45,Cam Lộ,Cam Chính,2
11!09!2018,45,Triệu Phong,Triệu Đại,1
11!09!2018,45,Hải Lăng,Hải Sơn,1
09!09!2018,45,Cam Lộ,Cam Thủy,3
07!09!2018,45,Cam Lộ,Cam Tuyền,2
07!09!2018,45,Đa Krông,Hướng Hiệp,1
07!09!2018,45,Hải Lăng,Hải Dương,1
05!09!2018,45,Vĩnh Linh,Vĩnh Hà,2
05!09!2018,45,Vĩnh Linh,Vĩnh Ô,2
05!09!2018,45,Gio Linh,Linh Hải,1
04!09!2018,45,Vĩnh Linh,Vĩnh Long,3
04!09!2018,45,Vĩnh Linh,Vĩnh Sơn,3
04!09!2018,45,Vĩnh Linh,Vĩnh Hà,3
04!09!2018,45,Đông Hà,P. 5,1
04!09!2018,45,Hải Lăng,Hải Hòa,1
03!09!2018,45,Triệu Phong,Triệu ái,4
03!09!2018,45,Hải Lăng,Hải Lâm,3
03!09!2018,45,Hải Lăng,Hải Hòa,3
03!09!2018,45,Vĩnh Linh,Vĩnh Khê,2
03!09!2018,45,Vĩnh Linh,Vĩnh Nam,2
03!09!2018,45,Đa Krông,Ba Lòng,1
02!09!2018,45,Hải Lăng,Hải Lâm,3
02!09!2018,45,Hải Lăng,Hải Trường,3
02!09!2018,45,Vĩnh Linh,Vĩnh Chấp,1
02!09!2018,45,Gio Linh,Gio Phong,1
02!09!2018,45,Đa Krông,Tà Long,1
01!09!2018,45,Đông Hà,P. 4,1
01!09!2018,45,Vĩnh Linh,Vĩnh Hà,1
01!09!2018,45,Đa Krông,Mò Ó,1
01!09!2018,45,Hải Lăng,Hải Sơn,1
31!08!2018,45,Triệu Phong,Triệu Thượng,4
31!08!2018,45,Hải Lăng,Hải Chánh,3
31!08!2018,45,Hải Lăng,Hải Trường,3
31!08!2018,45,Vĩnh Linh,Vĩnh Hà,2
31!08!2018,45,TX. Quảng Trị,Hải Lệ,1
21!08!2018,45,Cam Lộ,Cam Tuyền,1
19!08!2018,45,Cam Lộ,Cam Chính,2
19!08!2018,45,Hải Lăng,Hải Chánh,1
20!08!2018,45,Triệu Phong,Triệu ái,2
20!08!2018,45,Vĩnh Linh,Vĩnh Khê,1
17!08!2018,45,Hải Lăng,Hải Chánh,1
07!08!2018,45,Cam Lộ,Cam Thủy,4
07!08!2018,45,Cam Lộ,Cam Chính,4
07!08!2018,45,Hải Lăng,Hải Sơn,2
07!08!2018,45,Hải Lăng,Hải Chánh,2
06!08!2018,45,Hải Lăng,Hải Sơn,4
06!08!2018,45,Hải Lăng,Hải Chánh,4
06!08!2018,45,Đa Krông,Ba Nang,2
06!08!2018,45,Cam Lộ,Cam An,2
03!08!2018,45,Vĩnh Linh,Vĩnh Ô,3
03!08!2018,45,Vĩnh Linh,Vĩnh Hà,3
03!08!2018,45,Gio Linh,Linh Thượng,2
03!08!2018,45,Đa Krông,Hướng Hiệp,1
03!08!2018,45,Cam Lộ,Cam Tuyền,1
03!08!2018,45,Hải Lăng,Hải Trường,1
04!08!2018,45,Gio Linh,Linh Thượng,3
04!08!2018,45,Hải Lăng,Hải Chánh,3
04!08!2018,45,Đông Hà,P. 4,1
01!08!2018,45,Hải Lăng,Hải Lâm,5
01!08!2018,45,Hải Lăng,Hải Trường,5
01!08!2018,45,Vĩnh Linh,Vĩnh Hòa,2
01!08!2018,45,Vĩnh Linh,Vĩnh Hà,2
01!08!2018,45,Gio Linh,TT. Cửa Việt,1
02!08!2018,45,Hải Lăng,Hải Lâm,5
02!08!2018,45,Đông Hà,P. 4,2
02!08!2018,45,Triệu Phong,Triệu ái,1
24!07!2018,45,Hải Lăng,Hải Chánh,6
10!07!2018,45,Cam Lộ,Cam Tuyền,1
05!07!2018,45,Gio Linh,Linh Thượng,9
05!07!2018,45,Gio Linh,Gio Mai,9
05!07!2018,45,Gio Linh,Gio Quang,9
05!07!2018,45,Vĩnh Linh,Vĩnh Thủy,4
05!07!2018,45,Vĩnh Linh,Vĩnh Hà,4
05!07!2018,45,Vĩnh Linh,Vĩnh Thái,4
05!07!2018,45,Đa Krông,Ba Lòng,4
05!07!2018,45,Đa Krông,Hải Phúc,4
04!07!2018,45,Vĩnh Linh,Vĩnh Hà,3
04!07!2018,45,Hướng Hóa,Hướng Tân,1
04!07!2018,45,Cam Lộ,Cam Nghĩa,1
03!07!2018,45,Vĩnh Linh,Vĩnh Hà,2
03!07!2018,45,Vĩnh Linh,Vĩnh Chấp,2
03!07!2018,45,Gio Linh,Hải Thái,1
03!07!2018,45,Đa Krông,TT. Krông Klang,1
02!07!2018,45,Gio Linh,Linh Thượng,1
30!06!2018,45,Đa Krông,Tà Long,3
30!06!2018,45,Đa Krông,Hướng Hiệp,3
30!06!2018,45,Vĩnh Linh,Vĩnh Hà,2
30!06!2018,45,Hướng Hóa,Hướng Linh,2
01!07!2018,45,Hải Lăng,Hải Thọ,2
01!07!2018,45,Hải Lăng,Hải Trường,2
29!06!2018,45,Đa Krông,Tà Long,6
29!06!2018,45,Đa Krông,Hướng Hiệp,6
22!06!2018,45,Đa Krông,Húc Nghì,11
22!06!2018,45,Đa Krông,Hướng Hiệp,11
22!06!2018,45,Đa Krông,Đa Krông,11
22!06!2018,45,Gio Linh,Linh Thượng,3
22!06!2018,45,Hướng Hóa,Hướng Linh,1
19!06!2018,45,Đa Krông,Húc Nghì,4
18!06!2018,45,Đa Krông,TT. Krông Klang,8
18!06!2018,45,Đa Krông,Tà Long,8
18!06!2018,45,Đa Krông,Ba Nang,8
18!06!2018,45,Đa Krông,A Ngo,8
18!06!2018,45,Đông Hà,P. Đông Lương,1
02!06!2018,45,Đa Krông,Đa Krông,4
02!06!2018,45,Đa Krông,Ba Nang,4
01!06!2018,45,Đa Krông,A Ngo,22
01!06!2018,45,Đa Krông,Tà Rụt,22
01!06!2018,45,Đa Krông,Tà Long,22
01!06!2018,45,Đa Krông,Đa Krông,22
01!06!2018,45,Đa Krông,Ba Nang,22
01!06!2018,45,Hướng Hóa,Húc,3
01!06!2018,45,Vĩnh Linh,Vĩnh Ô,2
01!06!2018,45,Triệu Phong,Triệu ái,2
01!06!2018,45,Gio Linh,Gio Phong,1
31!05!2018,45,Hướng Hóa,Húc,3
30!05!2018,45,Đa Krông,Ba Nang,6
30!05!2018,45,Đa Krông,Đa Krông,6
30!05!2018,45,Hướng Hóa,Húc,2
30!05!2018,45,Hướng Hóa,TT. Lao Bảo,2
26!05!2018,45,Vĩnh Linh,Vĩnh Ô,2
25!05!2018,45,Hải Lăng,Hải Chánh,2
25!05!2018,45,Triệu Phong,Triệu Hòa,1
23!05!2018,45,Gio Linh,Linh Thượng,7
23!05!2018,45,Gio Linh,Gio An,7
23!05!2018,45,Đa Krông,Tà Rụt,7
23!05!2018,45,Đa Krông,Đa Krông,7
23!05!2018,45,Đa Krông,Húc Nghì,7
23!05!2018,45,Đa Krông,A Vao,7
23!05!2018,45,Vĩnh Linh,Vĩnh Hà,4
23!05!2018,45,Vĩnh Linh,Vĩnh Ô,4
23!05!2018,45,Hướng Hóa,Húc,2
23!05!2018,45,Hướng Hóa,Hướng Linh,2
24!05!2018,45,Hướng Hóa,Húc,15
24!05!2018,45,Hướng Hóa,Hướng Linh,15
24!05!2018,45,Đa Krông,Đa Krông,4
24!05!2018,45,Vĩnh Linh,Vĩnh Ô,3
22!05!2018,45,Đa Krông,A Ngo,4
22!05!2018,45,Đa Krông,A Bung,4
22!05!2018,45,Đa Krông,Đa Krông,4
22!05!2018,45,Triệu Phong,Triệu Sơn,1
21!05!2018,45,Đa Krông,Đa Krông,8
21!05!2018,45,Đa Krông,A Vao,8
21!05!2018,45,Triệu Phong,Triệu Đại,5
21!05!2018,45,Triệu Phong,Triệu Đông,5
21!05!2018,45,Triệu Phong,Triệu Trung,5
21!05!2018,45,Triệu Phong,Triệu Trạch,5
21!05!2018,45,Cam Lộ,Cam Chính,3
21!05!2018,45,Hải Lăng,Hải Thiện,3
21!05!2018,45,Hải Lăng,Hải Tân,3
21!05!2018,45,Hải Lăng,Hải Lâm,3
19!05!2018,45,Hướng Hóa,Húc,5
19!05!2018,45,Hướng Hóa,Tân Hợp,5
19!05!2018,45,Đa Krông,Tà Long,4
19!05!2018,45,Đa Krông,Đa Krông,4
20!05!2018,45,Triệu Phong,Triệu ái,3
20!05!2018,45,Vĩnh Linh,Vĩnh Hà,1
20!05!2018,45,Hướng Hóa,Húc,1
20!05!2018,45,Đa Krông,Đa Krông,1
17!05!2018,45,Hướng Hóa,Húc,15
17!05!2018,45,Hướng Hóa,Hướng Sơn,15
17!05!2018,45,Hướng Hóa,Hướng Linh,15
17!05!2018,45,Hướng Hóa,Ba Tầng,15
17!05!2018,45,Đa Krông,Đa Krông,5
17!05!2018,45,Đa Krông,Ba Nang,5
18!05!2018,45,Hướng Hóa,Hướng Sơn,4
18!05!2018,45,Hướng Hóa,Hướng Lập,4
18!05!2018,45,Hướng Hóa,Hướng Linh,4
18!05!2018,45,Vĩnh Linh,Vĩnh Ô,2
18!05!2018,45,Vĩnh Linh,Vĩnh Hà,2
18!05!2018,45,Gio Linh,Linh Thượng,1
16!05!2018,45,Hướng Hóa,Ba Tầng,23
16!05!2018,45,Hướng Hóa,Húc,23
16!05!2018,45,Hướng Hóa,A Dơi,23
16!05!2018,45,Hướng Hóa,Hướng Linh,23
16!05!2018,45,Đa Krông,TT. Krông Klang,8
16!05!2018,45,Đa Krông,Ba Nang,8
16!05!2018,45,Đa Krông,Đa Krông,8
16!05!2018,45,Hải Lăng,Hải Quế,5
16!05!2018,45,Hải Lăng,Hải Hòa,5
16!05!2018,45,Hải Lăng,Hải Thành,5
16!05!2018,45,Hải Lăng,Hải Trường,5
16!05!2018,45,Triệu Phong,Triệu Đại,3
16!05!2018,45,Triệu Phong,Triệu Phước,3
15!05!2018,45,Hướng Hóa,Xy,6
15!05!2018,45,Hướng Hóa,Hướng Lộc,6
15!05!2018,45,Hướng Hóa,Húc,6
15!05!2018,45,Hướng Hóa,Tân Thành,6
15!05!2018,45,Đa Krông,Ba Nang,1
15!05!2018,45,Cam Lộ,Cam Tuyền,1
15!05!2018,45,Hải Lăng,Hải Sơn,1
14!05!2018,45,Hải Lăng,Hải Chánh,3
13!05!2018,45,Hướng Hóa,Hướng Lộc,8
13!05!2018,45,Hướng Hóa,Húc,8
13!05!2018,45,Hướng Hóa,Hướng Linh,8
13!05!2018,45,Đa Krông,Hướng Hiệp,3
13!05!2018,45,Triệu Phong,Triệu ái,1
13!05!2018,45,Hải Lăng,Hải Lâm,1
11!05!2018,45,Hướng Hóa,Hướng Lập,2
11!05!2018,45,Đa Krông,Tà Long,1
11!05!2018,45,Cam Lộ,Cam Chính,1
12!05!2018,45,Hướng Hóa,Húc,5
12!05!2018,45,Hướng Hóa,Hướng Sơn,5
12!05!2018,45,Hướng Hóa,Hướng Phùng,5
12!05!2018,45,Hướng Hóa,Hướng Tân,5
09!05!2018,45,Hướng Hóa,Hướng Sơn,11
09!05!2018,45,Hướng Hóa,Tân Thành,11
09!05!2018,45,Hướng Hóa,A Dơi,11
09!05!2018,45,Hướng Hóa,Hướng Linh,11
09!05!2018,45,Hướng Hóa,Ba Tầng,11
09!05!2018,45,Đa Krông,Hướng Hiệp,8
09!05!2018,45,Đa Krông,Tà Rụt,8
09!05!2018,45,Đa Krông,Ba Nang,8
09!05!2018,45,Đa Krông,A Vao,8
09!05!2018,45,Đa Krông,Tà Long,8
09!05!2018,45,Hải Lăng,Hải Sơn,2
09!05!2018,45,Cam Lộ,Cam Chính,1
08!05!2018,45,Hướng Hóa,Ba Tầng,2
08!05!2018,45,Đa Krông,A Vao,2
07!05!2018,45,Hải Lăng,Hải Chánh,2
07!05!2018,45,Cam Lộ,Cam Tuyền,1
06!05!2018,45,Đông Hà,P. Đông Lương,1
05!05!2018,45,Hướng Hóa,Hướng Lập,14
05!05!2018,45,Hướng Hóa,Hướng Sơn,14
05!05!2018,45,Hướng Hóa,A Dơi,14
05!05!2018,45,Hướng Hóa,Hướng Lộc,14
05!05!2018,45,Hướng Hóa,Tân Thành,14
05!05!2018,45,Hướng Hóa,A Xing,14
05!05!2018,45,Cam Lộ,Cam Hiếu,1
04!05!2018,45,Hướng Hóa,Thuận,41
04!05!2018,45,Hướng Hóa,Ba Tầng,41
04!05!2018,45,Hướng Hóa,Hướng Lập,41
04!05!2018,45,Hướng Hóa,A Dơi,41
04!05!2018,45,Hướng Hóa,Hướng Sơn,41
04!05!2018,45,Hướng Hóa,Húc,41
04!05!2018,45,Hướng Hóa,Hướng Lộc,41
04!05!2018,45,Hướng Hóa,Hướng Việt,41
04!05!2018,45,Hải Lăng,Hải Trường,3
04!05!2018,45,Vĩnh Linh,Vĩnh Ô,2
04!05!2018,45,Vĩnh Linh,Vĩnh Hà,2
04!05!2018,45,Gio Linh,Linh Thượng,1
03!05!2018,45,Đa Krông,Triệu Nguyên,2
03!05!2018,45,Vĩnh Linh,Vĩnh Thủy,1
03!05!2018,45,Gio Linh,Gio Châu,1
02!05!2018,45,Hướng Hóa,Hướng Lập,18
02!05!2018,45,Hướng Hóa,Hướng Phùng,18
02!05!2018,45,Hướng Hóa,TT. Lao Bảo,18
02!05!2018,45,Hướng Hóa,Tân Thành,18
02!05!2018,45,Hướng Hóa,Hướng Lộc,18
02!05!2018,45,Cam Lộ,Cam Thanh,2
02!05!2018,45,Cam Lộ,Cam Tuyền,2
02!05!2018,45,Hải Lăng,Hải Trường,1
01!05!2018,45,Hướng Hóa,TT. Lao Bảo,1
30!04!2018,45,Cam Lộ,Cam Thanh,1
26!04!2018,45,Hướng Hóa,Thanh,2
23!04!2018,45,Hướng Hóa,Xy,184
23!04!2018,45,Hướng Hóa,Thanh,184
23!04!2018,45,Hướng Hóa,TT. Lao Bảo,184
23!04!2018,45,Hướng Hóa,A Xing,184
23!04!2018,45,Hướng Hóa,Tân Long,184
23!04!2018,45,Hướng Hóa,Hướng Lộc,184
23!04!2018,45,Hướng Hóa,A Túc,184
23!04!2018,45,Hướng Hóa,Hướng Việt,184
23!04!2018,45,Hướng Hóa,Ba Tầng,184
23!04!2018,45,Hướng Hóa,Tân Thành,184
23!04!2018,45,Hướng Hóa,Hướng Phùng,184
23!04!2018,45,Hướng Hóa,A Dơi,184
23!04!2018,45,Hải Lăng,Hải Trường,9
23!04!2018,45,Hải Lăng,Hải Chánh,9
23!04!2018,45,Triệu Phong,Triệu Thượng,1
24!04!2018,45,Hướng Hóa,Hướng Lập,527
24!04!2018,45,Hướng Hóa,Xy,527
24!04!2018,45,Hướng Hóa,Hướng Sơn,527
24!04!2018,45,Hướng Hóa,Hướng Phùng,527
24!04!2018,45,Hướng Hóa,Tân Liên,527
24!04!2018,45,Hướng Hóa,TT. Lao Bảo,527
24!04!2018,45,Hướng Hóa,Hướng Lộc,527
24!04!2018,45,Hướng Hóa,Húc,527
24!04!2018,45,Hướng Hóa,Hướng Việt,527
24!04!2018,45,Hướng Hóa,A Túc,527
24!04!2018,45,Hướng Hóa,A Dơi,527
24!04!2018,45,Hướng Hóa,Ba Tầng,527
24!04!2018,45,Hướng Hóa,Tân Thành,527
24!04!2018,45,Cam Lộ,Cam Chính,24
24!04!2018,45,Đa Krông,A Ngo,17
24!04!2018,45,Đa Krông,Ba Nang,17
24!04!2018,45,Vĩnh Linh,Vĩnh Hà,10
24!04!2018,45,Vĩnh Linh,Vĩnh Sơn,10
21!04!2018,45,Hướng Hóa,Hướng Phùng,21
21!04!2018,45,Hướng Hóa,A Dơi,21
21!04!2018,45,Hướng Hóa,Tân Thành,21
21!04!2018,45,Hướng Hóa,TT. Lao Bảo,21
21!04!2018,45,Hướng Hóa,Xy,21
21!04!2018,45,Hướng Hóa,Hướng Việt,21
21!04!2018,45,Hướng Hóa,Tân Long,21
21!04!2018,45,TX. Quảng Trị,Hải Lệ,1
22!04!2018,45,Hướng Hóa,A Túc,22
22!04!2018,45,Hướng Hóa,Hướng Phùng,22
22!04!2018,45,Hướng Hóa,Thuận,22
22!04!2018,45,Hướng Hóa,Thanh,22
22!04!2018,45,Hướng Hóa,Xy,22
22!04!2018,45,Hướng Hóa,Hướng Việt,22
22!04!2018,45,Hướng Hóa,Ba Tầng,22
22!04!2018,45,Hướng Hóa,Tân Thành,22
22!04!2018,45,Cam Lộ,Cam Tuyền,2
22!04!2018,45,Cam Lộ,Cam Thủy,2
22!04!2018,45,Hải Lăng,Hải Thọ,1
20!04!2018,45,Hướng Hóa,Tân Long,2
20!04!2018,45,Gio Linh,Linh Hải,1
20!04!2018,45,Hải Lăng,Hải Trường,1
19!04!2018,45,Hướng Hóa,Tân Thành,16
19!04!2018,45,Hướng Hóa,Hướng Phùng,16
19!04!2018,45,Hướng Hóa,Thuận,16
19!04!2018,45,Hướng Hóa,Hướng Lộc,16
19!04!2018,45,Hướng Hóa,Xy,16
19!04!2018,45,Hướng Hóa,Tân Long,16
19!04!2018,45,Đa Krông,Tà Rụt,2
18!04!2018,45,Hướng Hóa,Tân Thành,14
18!04!2018,45,Hướng Hóa,Hướng Việt,14
18!04!2018,45,Hướng Hóa,Hướng Tân,14
18!04!2018,45,Hướng Hóa,Tân Long,14
13!04!2018,45,Hướng Hóa,Ba Tầng,135
13!04!2018,45,Hướng Hóa,Tân Thành,135
13!04!2018,45,Hướng Hóa,A Dơi,135
13!04!2018,45,Hướng Hóa,Hướng Phùng,135
13!04!2018,45,Hướng Hóa,Xy,135
13!04!2018,45,Hướng Hóa,Tân Long,135
13!04!2018,45,Đa Krông,A Ngo,120
13!04!2018,45,Đa Krông,Hướng Hiệp,120
13!04!2018,45,Đa Krông,Tà Rụt,120
13!04!2018,45,Đa Krông,A Vao,120
13!04!2018,45,Hải Lăng,Hải Sơn,15
13!04!2018,45,Hải Lăng,Hải Thọ,15
13!04!2018,45,Gio Linh,Linh Thượng,2
14!04!2018,45,Hướng Hóa,Hướng Sơn,292
14!04!2018,45,Hướng Hóa,Hướng Phùng,292
14!04!2018,45,Hướng Hóa,Hướng Linh,292
14!04!2018,45,Hướng Hóa,Ba Tầng,292
14!04!2018,45,Hướng Hóa,Tân Thành,292
14!04!2018,45,Hướng Hóa,Xy,292
14!04!2018,45,Hướng Hóa,Thuận,292
14!04!2018,45,Hướng Hóa,Hướng Lộc,292
14!04!2018,45,Hướng Hóa,Húc,292
14!04!2018,45,Hướng Hóa,A Dơi,292
14!04!2018,45,Hướng Hóa,Tân Lập,292
14!04!2018,45,Đa Krông,A Vao,50
14!04!2018,45,Đa Krông,Tà Rụt,50
14!04!2018,45,Cam Lộ,Cam Chính,30
14!04!2018,45,Cam Lộ,Cam Hiếu,30
14!04!2018,45,Vĩnh Linh,Vĩnh Hà,10
14!04!2018,45,TX. Quảng Trị,P. An Đôn,7
14!04!2018,45,Triệu Phong,Triệu ái,7
11!04!2018,45,Hướng Hóa,Thuận,201
11!04!2018,45,Hướng Hóa,Ba Tầng,201
11!04!2018,45,Hướng Hóa,Tân Thành,201
11!04!2018,45,Hướng Hóa,TT. Lao Bảo,201
11!04!2018,45,Hướng Hóa,Hướng Lộc,201
11!04!2018,45,Hướng Hóa,Hướng Phùng,201
11!04!2018,45,Hướng Hóa,Xy,201
11!04!2018,45,Hướng Hóa,Tân Long,201
11!04!2018,45,Cam Lộ,Cam Chính,6
11!04!2018,45,Vĩnh Linh,Vĩnh Chấp,1
12!04!2018,45,Hướng Hóa,Tân Lập,138
12!04!2018,45,Hướng Hóa,Tân Thành,138
12!04!2018,45,Hướng Hóa,TT. Lao Bảo,138
12!04!2018,45,Hướng Hóa,Hướng Lộc,138
12!04!2018,45,Hướng Hóa,Thuận,138
12!04!2018,45,Đa Krông,A Ngo,38
12!04!2018,45,Đa Krông,Tà Rụt,38
12!04!2018,45,Vĩnh Linh,Vĩnh Hà,11
12!04!2018,45,Vĩnh Linh,Vĩnh Sơn,11
12!04!2018,45,Hải Lăng,Hải Sơn,1
10!04!2018,45,Hướng Hóa,Thanh,56
10!04!2018,45,Hướng Hóa,Hướng Phùng,56
10!04!2018,45,Hướng Hóa,A Xing,56
10!04!2018,45,Hướng Hóa,Hướng Lộc,56
10!04!2018,45,Hướng Hóa,Tân Thành,56
10!04!2018,45,Hướng Hóa,TT. Lao Bảo,56
10!04!2018,45,Đa Krông,Hướng Hiệp,5
06!04!2018,45,Hướng Hóa,Hướng Sơn,49
06!04!2018,45,Hướng Hóa,A Dơi,49
06!04!2018,45,Hướng Hóa,Hướng Lộc,49
06!04!2018,45,Hướng Hóa,A Xing,49
06!04!2018,45,Hướng Hóa,Tân Long,49
06!04!2018,45,Hướng Hóa,Thuận,49
06!04!2018,45,Vĩnh Linh,Vĩnh Hà,1
05!04!2018,45,Đa Krông,Đa Krông,64
05!04!2018,45,Đa Krông,Tà Rụt,64
05!04!2018,45,Đa Krông,A Vao,64
05!04!2018,45,Hướng Hóa,A Xing,58
05!04!2018,45,Hướng Hóa,Xy,58
05!04!2018,45,Hướng Hóa,Hướng Phùng,58
05!04!2018,45,Hướng Hóa,Thuận,58
05!04!2018,45,Hướng Hóa,Hướng Lộc,58
05!04!2018,45,Hải Lăng,Hải Thọ,25
05!04!2018,45,Hải Lăng,Hải Sơn,25
05!04!2018,45,Hải Lăng,Hải Trường,25
05!04!2018,45,Gio Linh,Linh Hải,17
04!04!2018,45,Hướng Hóa,Ba Tầng,281
04!04!2018,45,Hướng Hóa,Tân Thành,281
04!04!2018,45,Hướng Hóa,Thuận,281
04!04!2018,45,Hướng Hóa,Tân Long,281
04!04!2018,45,Hướng Hóa,Xy,281
04!04!2018,45,Hướng Hóa,Húc,281
04!04!2018,45,Hướng Hóa,Hướng Lộc,281
04!04!2018,45,Đa Krông,Tà Rụt,62
04!04!2018,45,Đa Krông,A Vao,62
04!04!2018,45,Hải Lăng,Hải Thượng,33
04!04!2018,45,Hải Lăng,Hải Lâm,33
04!04!2018,45,Hải Lăng,Hải Thọ,33
04!04!2018,45,Vĩnh Linh,Vĩnh Khê,8
04!04!2018,45,Gio Linh,Linh Hải,1
03!04!2018,45,Vĩnh Linh,Vĩnh Chấp,24
03!04!2018,45,Vĩnh Linh,Vĩnh Hà,24
03!04!2018,45,Hướng Hóa,Hướng Linh,12
03!04!2018,45,Cam Lộ,Cam Tuyền,9
03!04!2018,45,Cam Lộ,Cam Chính,9
03!04!2018,45,Cam Lộ,Cam Thủy,9
03!04!2018,45,Hải Lăng,Hải Thiện,1
01!04!2018,45,Hướng Hóa,Ba Tầng,77
01!04!2018,45,Hướng Hóa,Tân Thành,77
01!04!2018,45,Hướng Hóa,A Xing,77
01!04!2018,45,Hướng Hóa,Xy,77
01!04!2018,45,Hướng Hóa,Hướng Lộc,77
01!04!2018,45,Hướng Hóa,Thanh,77
01!04!2018,45,Hải Lăng,Hải Trường,15
01!04!2018,45,Hải Lăng,Hải Sơn,15
01!04!2018,45,Triệu Phong,Triệu Thượng,8
01!04!2018,45,Đa Krông,Tà Rụt,7
02!04!2018,45,Hướng Hóa,Thanh,61
02!04!2018,45,Hướng Hóa,Hướng Lộc,61
02!04!2018,45,Hướng Hóa,Xy,61
02!04!2018,45,Đa Krông,Tà Rụt,50
02!04!2018,45,Cam Lộ,Cam Chính,11
02!04!2018,45,Triệu Phong,Triệu ái,11
02!04!2018,45,Vĩnh Linh,Vĩnh Chấp,1
31!03!2018,45,Hướng Hóa,A Dơi,70
31!03!2018,45,Hướng Hóa,Thanh,70
31!03!2018,45,Hướng Hóa,Xy,70
31!03!2018,45,Vĩnh Linh,Vĩnh Thủy,19
31!03!2018,45,Vĩnh Linh,Vĩnh Khê,19
31!03!2018,45,Gio Linh,Linh Hải,17
31!03!2018,45,Gio Linh,Linh Thượng,17
31!03!2018,45,Đa Krông,Tà Rụt,2
28!03!2018,45,Đa Krông,Húc Nghì,21
28!03!2018,45,Đa Krông,Tà Rụt,21
28!03!2018,45,Hướng Hóa,Tân Thành,6
28!03!2018,45,Hướng Hóa,Tân Lập,6
27!03!2018,45,Hướng Hóa,Thanh,20
26!03!2018,45,Hướng Hóa,Ba Tầng,20
26!03!2018,45,Hướng Hóa,Thanh,20
24!03!2018,45,Hướng Hóa,Hướng Lộc,9
25!03!2018,45,Đa Krông,Tà Rụt,22
25!03!2018,45,Đa Krông,A Ngo,22
25!03!2018,45,Hải Lăng,Hải Trường,17
25!03!2018,45,Hướng Hóa,Xy,11
25!03!2018,45,Vĩnh Linh,Vĩnh Hà,1
18!03!2018,45,Đa Krông,A Bung,84
18!03!2018,45,Đa Krông,A Ngo,84
18!03!2018,45,Đa Krông,Tà Rụt,84
19!03!2018,45,Đa Krông,Hướng Hiệp,77
19!03!2018,45,Đa Krông,Tà Long,77
19!03!2018,45,Đa Krông,A Bung,77
19!03!2018,45,Đa Krông,A Ngo,77
19!03!2018,45,Đa Krông,Tà Rụt,77
19!03!2018,45,Cam Lộ,Cam Chính,38
19!03!2018,45,Cam Lộ,Cam Thanh,38
19!03!2018,45,Cam Lộ,Cam An,38
19!03!2018,45,Cam Lộ,Cam Nghĩa,38
19!03!2018,45,Triệu Phong,Triệu Thượng,12
19!03!2018,45,Hải Lăng,Hải Trường,11
19!03!2018,45,Hải Lăng,Hải Phú,11
19!03!2018,45,Đông Hà,P. 3,10
19!03!2018,45,Vĩnh Linh,Vĩnh Chấp,7
19!03!2018,45,Hướng Hóa,Thanh,1
16!03!2018,45,Hướng Hóa,Tân Thành,6
16!03!2018,45,Hải Lăng,Hải Trường,6
17!03!2018,45,Đa Krông,A Vao,37
17!03!2018,45,Đa Krông,Hướng Hiệp,37
17!03!2018,45,Đa Krông,Tà Rụt,37
17!03!2018,45,Đa Krông,Đa Krông,37
17!03!2018,45,Vĩnh Linh,Vĩnh Hà,5
13!03!2018,45,Đa Krông,A Vao,24
13!03!2018,45,Đa Krông,A Bung,24
13!03!2018,45,Vĩnh Linh,Vĩnh Chấp,12
13!03!2018,45,Gio Linh,Trung Sơn,12
13!03!2018,45,Hướng Hóa,Hướng Linh,7
08!03!2018,45,Hướng Hóa,Hướng Phùng,9
06!03!2018,45,Gio Linh,Linh Hải,8
07!03!2018,45,Đa Krông,A Vao,12
05!03!2018,45,Hải Lăng,Hải Lâm,57
05!03!2018,45,Hải Lăng,Hải Sơn,57
05!03!2018,45,Hải Lăng,Hải Trường,57
05!03!2018,45,Đa Krông,A Ngo,45
05!03!2018,45,Đa Krông,A Bung,45
05!03!2018,45,Đa Krông,Tà Rụt,45
05!03!2018,45,Đa Krông,A Vao,45
05!03!2018,45,Đa Krông,Đa Krông,45
05!03!2018,45,Vĩnh Linh,Vĩnh Chấp,35
05!03!2018,45,Vĩnh Linh,Vĩnh Thủy,35
05!03!2018,45,Vĩnh Linh,Vĩnh Hà,35
05!03!2018,45,Triệu Phong,Triệu Thượng,13
05!03!2018,45,Gio Linh,Hải Thái,1
04!03!2018,45,Đa Krông,Tà Rụt,89
04!03!2018,45,Đa Krông,A Bung,89
04!03!2018,45,Đa Krông,A Ngo,89
04!03!2018,45,Hướng Hóa,Tân Hợp,15
04!03!2018,45,Hướng Hóa,Tân Long,15
04!03!2018,45,Vĩnh Linh,Vĩnh Chấp,14
04!03!2018,45,Đông Hà,P. Đông Lương,12
04!03!2018,45,Gio Linh,Gio An,8
04!03!2018,45,Gio Linh,Trung Sơn,8
03!03!2018,45,Đa Krông,Đa Krông,53
03!03!2018,45,Đa Krông,Tà Long,53
03!03!2018,45,Đa Krông,TT. Krông Klang,53
03!03!2018,45,Đa Krông,A Vao,53
03!03!2018,45,Đa Krông,Hướng Hiệp,53
03!03!2018,45,Hướng Hóa,Thanh,42
03!03!2018,45,Hướng Hóa,TT. Lao Bảo,42
03!03!2018,45,Hướng Hóa,Húc,42
03!03!2018,45,Hướng Hóa,Hướng Lộc,42
03!03!2018,45,Hướng Hóa,Ba Tầng,42
03!03!2018,45,Hải Lăng,Hải Trường,22
03!03!2018,45,Cam Lộ,Cam Chính,6
01!03!2018,45,Đa Krông,A Vao,9
01!03!2018,45,Đa Krông,Húc Nghì,9
01!03!2018,45,Đa Krông,A Bung,9
26!02!2018,45,Đa Krông,A Vao,31
26!02!2018,45,Đa Krông,Tà Rụt,31
26!02!2018,45,Hướng Hóa,Hướng Phùng,10
27!02!2018,45,Đa Krông,A Vao,28
27!02!2018,45,Đa Krông,A Ngo,28
24!02!2018,45,Hướng Hóa,Xy,16
20!02!2018,45,Hướng Hóa,Ba Tầng,60
20!02!2018,45,Hướng Hóa,A Dơi,60
20!02!2018,45,Hướng Hóa,Hướng Lộc,60
20!02!2018,45,Hướng Hóa,TT. Lao Bảo,60
20!02!2018,45,Đa Krông,A Vao,38
20!02!2018,45,Đa Krông,Tà Rụt,38
20!02!2018,45,Đa Krông,A Ngo,38
21!02!2018,45,Hướng Hóa,Hướng Lộc,13
21!02!2018,45,Hướng Hóa,A Xing,13
18!02!2018,45,Hướng Hóa,Hướng Lập,20
18!02!2018,45,Hướng Hóa,A Xing,20
18!02!2018,45,Hướng Hóa,Ba Tầng,20
18!02!2018,45,Hướng Hóa,Thanh,20
18!02!2018,45,Đa Krông,A Vao,20
18!02!2018,45,Đa Krông,Tà Rụt,20
17!02!2018,45,Đa Krông,Đa Krông,38
17!02!2018,45,Đa Krông,A Vao,38
16!02!2018,45,Hướng Hóa,Xy,10
14!02!2018,45,Hướng Hóa,Tân Lập,9
10!02!2018,45,Hướng Hóa,Ba Tầng,73
10!02!2018,45,Hướng Hóa,Hướng Phùng,73
10!02!2018,45,Hướng Hóa,A Dơi,73
10!02!2018,45,Vĩnh Linh,Vĩnh Thủy,45
10!02!2018,45,Vĩnh Linh,Vĩnh Chấp,45
10!02!2018,45,Hải Lăng,Hải Trường,18
10!02!2018,45,Hải Lăng,Hải Chánh,18
10!02!2018,45,Triệu Phong,Triệu Sơn,1
09!02!2018,45,Vĩnh Linh,Vĩnh Long,86
09!02!2018,45,Vĩnh Linh,Vĩnh Hà,86
09!02!2018,45,Vĩnh Linh,Vĩnh Chấp,86
09!02!2018,45,Vĩnh Linh,Vĩnh Thủy,86
09!02!2018,45,Vĩnh Linh,Vĩnh Khê,86
09!02!2018,45,Hướng Hóa,Hướng Phùng,69
09!02!2018,45,Hướng Hóa,Ba Tầng,69
09!02!2018,45,Hướng Hóa,Xy,69
09!02!2018,45,Hướng Hóa,A Dơi,69
09!02!2018,45,Triệu Phong,Triệu Thượng,22
09!02!2018,45,Đa Krông,A Ngo,11
09!02!2018,45,Hải Lăng,Hải Thọ,11
09!02!2018,45,Cam Lộ,Cam Tuyền,1
07!02!2018,45,Hướng Hóa,Hướng Lộc,8
07!02!2018,45,Vĩnh Linh,Vĩnh Hà,1
27!01!2018,45,Hướng Hóa,A Xing,1
24!01!2018,45,Hướng Hóa,Ba Tầng,1
21!01!2018,45,Hướng Hóa,Ba Tầng,7
21!01!2018,45,Hướng Hóa,Hướng Phùng,7
19!01!2018,45,Hướng Hóa,Tân Thành,2
18!01!2018,45,Hướng Hóa,Xy,8
18!01!2018,45,Hướng Hóa,Ba Tầng,8
18!01!2018,45,Vĩnh Linh,Vĩnh Ô,4
18!01!2018,45,Vĩnh Linh,Vĩnh Thái,4
18!01!2018,45,Vĩnh Linh,Vĩnh Tú,4
18!01!2018,45,Hải Lăng,Hải Thọ,1
17!01!2018,45,Vĩnh Linh,Vĩnh Chấp,2
17!01!2018,45,Hướng Hóa,Ba Tầng,2
17!01!2018,45,Hướng Hóa,A Dơi,2
08!01!2018,45,Vĩnh Linh,Vĩnh Chấp,2
08!01!2018,45,Vĩnh Linh,Vĩnh Tú,2
08!01!2018,45,Hướng Hóa,Xy,2
08!01!2018,45,Hướng Hóa,Thanh,2
08!01!2018,45,Cam Lộ,Cam Tuyền,1
08!01!2018,45,Hải Lăng,Hải Thọ,1
19!12!2017,45,Hướng Hóa,Tân Lập,1
19!12!2017,45,Hải Lăng,Hải Lâm,1
18!11!2017,45,Vĩnh Linh,Vĩnh Hà,1
17!11!2017,45,Hải Lăng,Hải Sơn,4
17!11!2017,45,Hải Lăng,Hải Trường,4
17!11!2017,45,Đa Krông,Hướng Hiệp,1
11!11!2017,45,TX. Quảng Trị,Hải Lệ,1
29!10!2017,45,Triệu Phong,Triệu ái,2
29!10!2017,45,Gio Linh,TT. Cửa Việt,1
29!10!2017,45,Hải Lăng,Hải Chánh,1
21!10!2017,45,Hải Lăng,Hải Thọ,2
21!10!2017,45,Hải Lăng,Hải Trường,2
14!10!2017,45,Vĩnh Linh,Vĩnh Thủy,1
14!10!2017,45,Hải Lăng,Hải Chánh,1
13!10!2017,45,Gio Linh,Gio An,3
13!10!2017,45,Gio Linh,Trung Sơn,3
13!10!2017,45,Gio Linh,Gio Mai,3
06!10!2017,45,Gio Linh,Linh Thượng,1
30!09!2017,45,Hướng Hóa,TT. Lao Bảo,2
30!09!2017,45,Gio Linh,Trung Giang,1
27!09!2017,45,Cam Lộ,Cam Chính,2
27!09!2017,45,Cam Lộ,Cam Tuyền,2
27!09!2017,45,Hải Lăng,Hải Sơn,1
26!09!2017,45,Triệu Phong,Triệu ái,1
22!09!2017,45,Hải Lăng,Hải Chánh,1
20!09!2017,45,Hải Lăng,Hải Trường,1
21!09!2017,45,Triệu Phong,Triệu ái,5
21!09!2017,45,Gio Linh,Linh Thượng,1
19!09!2017,45,Hải Lăng,Hải Thọ,1
18!09!2017,45,TX. Quảng Trị,Hải Lệ,1
12!09!2017,45,Hướng Hóa,Ba Tầng,2
12!09!2017,45,Vĩnh Linh,Vĩnh Hà,1
10!09!2017,45,Hải Lăng,Hải Sơn,2
10!09!2017,45,Cam Lộ,Cam Chính,1
11!09!2017,45,Hải Lăng,Hải Sơn,3
11!09!2017,45,Hải Lăng,Hải Trường,3
09!09!2017,45,Hải Lăng,Hải Sơn,6
09!09!2017,45,Hải Lăng,Hải Trường,6
09!09!2017,45,Vĩnh Linh,Vĩnh Hà,3
09!09!2017,45,Cam Lộ,Cam Nghĩa,2
09!09!2017,45,Hướng Hóa,TT. Lao Bảo,1
07!09!2017,45,Gio Linh,Linh Thượng,1
04!09!2017,45,Hải Lăng,Hải Lâm,2
04!09!2017,45,Hải Lăng,Hải Trường,2
04!09!2017,45,TX. Quảng Trị,Hải Lệ,1
05!09!2017,45,Vĩnh Linh,Vĩnh Hà,1
03!09!2017,45,Cam Lộ,Cam Chính,1
02!09!2017,45,Vĩnh Linh,Vĩnh Sơn,6
02!09!2017,45,Vĩnh Linh,Vĩnh Hà,6
02!09!2017,45,Vĩnh Linh,Vĩnh Thủy,6
02!09!2017,45,Gio Linh,Linh Thượng,1
02!09!2017,45,Hải Lăng,Hải Sơn,1
01!09!2017,45,Cam Lộ,Cam Chính,1
01!09!2017,45,Hải Lăng,Hải Thọ,1
24!08!2017,45,Triệu Phong,Triệu ái,1
22!08!2017,45,Gio Linh,Linh Hải,4
22!08!2017,45,Gio Linh,Gio Quang,4
22!08!2017,45,Gio Linh,Gio Châu,4
21!08!2017,45,Hải Lăng,Hải Thọ,2
21!08!2017,45,Hải Lăng,Hải Trường,2
21!08!2017,45,Cam Lộ,Cam Chính,1
17!08!2017,45,Gio Linh,Vĩnh Trường,1
18!08!2017,45,Gio Linh,Trung Sơn,2
15!08!2017,45,Vĩnh Linh,Vĩnh Chấp,1
13!08!2017,45,Gio Linh,Gio An,2
13!08!2017,45,Vĩnh Linh,Vĩnh Khê,1
13!08!2017,45,Hướng Hóa,Hướng Linh,1
13!08!2017,45,Cam Lộ,Cam Tuyền,1
13!08!2017,45,Triệu Phong,Triệu ái,1
14!08!2017,45,Đông Hà,P. 3,1
14!08!2017,45,Cam Lộ,Cam Tuyền,1
11!08!2017,45,Hướng Hóa,Hướng Sơn,1
12!08!2017,45,Hướng Hóa,TT. Lao Bảo,3
12!08!2017,45,Hướng Hóa,Hướng Sơn,3
12!08!2017,45,Hải Lăng,Hải Trường,1
10!08!2017,45,Đa Krông,Mò Ó,1
10!08!2017,45,Cam Lộ,Cam Tuyền,1
08!08!2017,45,Vĩnh Linh,Vĩnh Hà,1
08!08!2017,45,Đa Krông,Hướng Hiệp,1
06!08!2017,45,Hải Lăng,Hải Trường,4
06!08!2017,45,Cam Lộ,Cam Tuyền,3
06!08!2017,45,Đa Krông,Hướng Hiệp,2
04!08!2017,45,Hải Lăng,Hải Sơn,1
02!08!2017,45,Vĩnh Linh,Vĩnh Hà,2
02!08!2017,45,Vĩnh Linh,Vĩnh Khê,2
02!08!2017,45,Gio Linh,Linh Thượng,1
02!08!2017,45,Cam Lộ,Cam An,1
30!07!2017,45,Triệu Phong,Triệu ái,2
31!07!2017,45,Vĩnh Linh,Vĩnh Thủy,8
31!07!2017,45,Vĩnh Linh,Vĩnh Hà,8
31!07!2017,45,Vĩnh Linh,Vĩnh Nam,8
31!07!2017,45,Đa Krông,Đa Krông,3
31!07!2017,45,Đa Krông,Hướng Hiệp,3
31!07!2017,45,Đa Krông,Hải Phúc,3
31!07!2017,45,Gio Linh,Trung Sơn,1
31!07!2017,45,Hải Lăng,Hải Sơn,1
18!07!2017,45,Vĩnh Linh,Vĩnh Long,1
12!07!2017,45,Triệu Phong,Triệu ái,2
12!07!2017,45,Triệu Phong,Triệu Thượng,2
10!07!2017,45,Đa Krông,Hướng Hiệp,3
10!07!2017,45,Đa Krông,Tà Long,3
09!07!2017,45,Đa Krông,Tà Long,1
06!07!2017,45,Cam Lộ,Cam Tuyền,1
05!07!2017,45,Vĩnh Linh,Vĩnh Hà,1
26!06!2017,45,Hướng Hóa,TT. Lao Bảo,1
24!06!2017,45,Đa Krông,Húc Nghì,3
24!06!2017,45,Vĩnh Linh,Vĩnh Hà,1
25!06!2017,45,Gio Linh,Linh Hải,1
25!06!2017,45,Đa Krông,A Bung,1
16!06!2017,45,Đa Krông,A Bung,18
16!06!2017,45,Đa Krông,Tà Long,18
16!06!2017,45,Đa Krông,Đa Krông,18
16!06!2017,45,Đa Krông,Ba Nang,18
16!06!2017,45,Đa Krông,A Ngo,18
16!06!2017,45,Hướng Hóa,Húc,3
16!06!2017,45,Hải Lăng,Hải Sơn,1
14!06!2017,45,Vĩnh Linh,Vĩnh Ô,1
15!06!2017,45,Đa Krông,Húc Nghì,4
15!06!2017,45,Đa Krông,Đa Krông,4
10!06!2017,45,Vĩnh Linh,Vĩnh Hà,1
06!06!2017,45,Đa Krông,Hải Phúc,59
06!06!2017,45,Đa Krông,A Vao,59
06!06!2017,45,Đa Krông,Húc Nghì,59
06!06!2017,45,Đa Krông,Hướng Hiệp,59
06!06!2017,45,Đa Krông,Tà Long,59
06!06!2017,45,Đa Krông,Tà Rụt,59
06!06!2017,45,Đa Krông,Đa Krông,59
06!06!2017,45,Đa Krông,Ba Nang,59
06!06!2017,45,Gio Linh,Trung Giang,6
06!06!2017,45,Gio Linh,Gio Mỹ,6
06!06!2017,45,Gio Linh,Linh Thượng,6
06!06!2017,45,Hướng Hóa,Húc,1
05!06!2017,45,Đa Krông,Hướng Hiệp,74
05!06!2017,45,Đa Krông,A Vao,74
05!06!2017,45,Đa Krông,Tà Rụt,74
05!06!2017,45,Đa Krông,Tà Long,74
05!06!2017,45,Đa Krông,Húc Nghì,74
05!06!2017,45,Đa Krông,Ba Nang,74
05!06!2017,45,Đa Krông,Đa Krông,74
05!06!2017,45,Hải Lăng,Hải Sơn,6
05!06!2017,45,Hải Lăng,Hải Thọ,6
05!06!2017,45,Vĩnh Linh,Vĩnh Ô,1
05!06!2017,45,Hướng Hóa,Húc,1
04!06!2017,45,Đa Krông,A Vao,23
04!06!2017,45,Đa Krông,TT. Krông Klang,23
04!06!2017,45,Đa Krông,Tà Rụt,23
04!06!2017,45,Đa Krông,Tà Long,23
04!06!2017,45,Đa Krông,Húc Nghì,23
04!06!2017,45,Đa Krông,Ba Nang,23
04!06!2017,45,Hướng Hóa,Hướng Linh,2
04!06!2017,45,Vĩnh Linh,Vĩnh Ô,1
03!06!2017,45,Đa Krông,A Bung,31
03!06!2017,45,Đa Krông,Hướng Hiệp,31
03!06!2017,45,Đa Krông,A Vao,31
03!06!2017,45,Đa Krông,A Ngo,31
03!06!2017,45,Đa Krông,Tà Long,31
03!06!2017,45,Đa Krông,Húc Nghì,31
03!06!2017,45,Đa Krông,Triệu Nguyên,31
03!06!2017,45,Đa Krông,Ba Nang,31
03!06!2017,45,Đa Krông,Đa Krông,31
03!06!2017,45,Hướng Hóa,Húc,15
03!06!2017,45,Hướng Hóa,Ba Tầng,15
03!06!2017,45,Hướng Hóa,Hướng Linh,15
03!06!2017,45,Vĩnh Linh,Vĩnh Ô,4
03!06!2017,45,Gio Linh,Linh Thượng,3
02!06!2017,45,Gio Linh,Linh Thượng,1
02!06!2017,45,Đa Krông,Tà Long,1
24!05!2017,45,Đa Krông,Tà Long,2
24!05!2017,45,Đa Krông,Đa Krông,2
